Asset ID,Asset Name,Item,CVE ID
30,Chemical_plant_xx,1,CVE-2022-1797
30,Chemical_plant_xx,2,CVE-2016-9343
30,Chemical_plant_xx,3,CVE-2020-6998
30,Chemical_plant_xx,4,CVE-2021-22681
30,Chemical_plant_xx,5,CVE-2022-1161
30,Chemical_plant_xx,6,CVE-2022-3157
30,Chemical_plant_xx,7,CVE-2024-21916
30,Chemical_plant_xx,8,CVE-2019-12265
30,Chemical_plant_xx,9,CVE-2019-12255
30,Chemical_plant_xx,10,CVE-2019-12258
30,Chemical_plant_xx,11,CVE-2019-5096
30,Chemical_plant_xx,12,CVE-2019-5097
30,Chemical_plant_xx,13,CVE-2018-17924
30,Chemical_plant_xx,14,CVE-2016-20009
30,Chemical_plant_xx,15,CVE-2019-12257
30,Chemical_plant_xx,16,CVE-2019-12262
30,Chemical_plant_xx,17,CVE-2019-12261
30,Chemical_plant_xx,18,CVE-2019-12264
30,Chemical_plant_xx,19,CVE-2019-12263
30,Chemical_plant_xx,20,CVE-2024-6242
30,Chemical_plant_xx,21,CVE-2012-6436
30,Chemical_plant_xx,22,RA-58964
30,Chemical_plant_xx,23,CVE-2012-6435
30,Chemical_plant_xx,24,CVE-2019-12256
30,Chemical_plant_xx,25,CVE-2023-2262
30,Chemical_plant_xx,26,CVE-2012-6437
30,Chemical_plant_xx,27,CVE-2012-6442
30,Chemical_plant_xx,28,CVE-2016-2279
30,Chemical_plant_xx,29,CVE-2012-6440
30,Chemical_plant_xx,30,CVE-2023-3595
30,Chemical_plant_xx,31,CVE-2012-6439
30,Chemical_plant_xx,32,CVE-2025-7353
231,UNTITLED,1,CVE-2010-5305
231,UNTITLED,2,RA-511407-2
231,UNTITLED,3,RA-66678
237,10.1.30.4,1,CVE-2020-6085
237,10.1.30.4,2,CVE-2020-6083
237,10.1.30.4,3,CVE-2020-6087
237,10.1.30.4,4,CVE-2020-6084
237,10.1.30.4,5,CVE-2020-6088
237,10.1.30.4,6,CVE-2020-6086
239,10.1.30.6,1,CVE-2017-12092
239,10.1.30.6,2,CVE-2017-14471
239,10.1.30.6,3,CVE-2017-14464
239,10.1.30.6,4,CVE-2015-6490
239,10.1.30.6,5,CVE-2012-6440
239,10.1.30.6,6,CVE-2017-14473
239,10.1.30.6,7,CVE-2017-7903
239,10.1.30.6,8,CVE-2017-7901
239,10.1.30.6,9,CVE-2017-14472
239,10.1.30.6,10,CVE-2015-6492
239,10.1.30.6,11,ICSA-15-225-02A
239,10.1.30.6,12,CVE-2021-33012
239,10.1.30.6,13,CVE-2017-7902
239,10.1.30.6,14,CVE-2015-6491
239,10.1.30.6,15,CVE-2016-0868
239,10.1.30.6,16,CVE-2017-14465
239,10.1.30.6,17,CVE-2020-6984
239,10.1.30.6,18,CVE-2017-7899
239,10.1.30.6,19,CVE-2017-14470
239,10.1.30.6,20,CVE-2017-14463
239,10.1.30.6,21,CVE-2017-12088
239,10.1.30.6,22,CVE-2012-6442
239,10.1.30.6,23,CVE-2012-6436
239,10.1.30.6,24,CVE-2017-14468
239,10.1.30.6,25,CVE-2012-6441
239,10.1.30.6,26,CVE-2012-6439
239,10.1.30.6,27,CVE-2017-12093
239,10.1.30.6,28,CVE-2015-6488
239,10.1.30.6,29,CVE-2020-6988
239,10.1.30.6,30,CVE-2017-7898
239,10.1.30.6,31,CVE-2019-10955
239,10.1.30.6,32,CVE-2012-6437
239,10.1.30.6,33,CVE-2020-6990
239,10.1.30.6,34,CVE-2017-14462
239,10.1.30.6,35,CVE-2012-6438
239,10.1.30.6,36,CVE-2017-7924
239,10.1.30.6,37,CVE-2012-6435
239,10.1.30.6,38,CVE-2017-14466
239,10.1.30.6,39,CVE-2015-6486
239,10.1.30.6,40,CVE-2017-14467
239,10.1.30.6,41,RA-65982
239,10.1.30.6,42,CVE-2020-6980
239,10.1.30.6,43,CVE-2017-12089
239,10.1.30.6,44,RA-65980
376,10.1.30.1:Card 2 \ Addr 11,1,CVE-2021-22681
402,DESKTOP-5NATTOG,1,CVE-2025-20236
402,DESKTOP-5NATTOG,2,CVE-2024-27198
402,DESKTOP-5NATTOG,3,CVE-2023-20134
402,DESKTOP-5NATTOG,4,CVE-2023-20132
402,DESKTOP-5NATTOG,5,CVE-2025-30023
402,DESKTOP-5NATTOG,6,CVE-2019-12255
402,DESKTOP-5NATTOG,7,CVE-2025-30025
402,DESKTOP-5NATTOG,8,CVE-2026-33622
402,DESKTOP-5NATTOG,9,CVE-2025-30024
402,DESKTOP-5NATTOG,10,CVE-2026-44815
402,DESKTOP-5NATTOG,11,CVE-2026-47291
402,DESKTOP-5NATTOG,12,CVE-2026-45657
402,DESKTOP-5NATTOG,13,CVE-2026-11002
402,DESKTOP-5NATTOG,14,CVE-2026-9970
402,DESKTOP-5NATTOG,15,CVE-2026-9887
402,DESKTOP-5NATTOG,16,CVE-2026-11304
402,DESKTOP-5NATTOG,17,CVE-2026-10903
402,DESKTOP-5NATTOG,18,CVE-2026-9965
402,DESKTOP-5NATTOG,19,CVE-2026-11239
402,DESKTOP-5NATTOG,20,CVE-2026-9939
402,DESKTOP-5NATTOG,21,CVE-2026-9977
402,DESKTOP-5NATTOG,22,CVE-2026-10001
402,DESKTOP-5NATTOG,23,CVE-2026-10940
402,DESKTOP-5NATTOG,24,CVE-2026-10939
402,DESKTOP-5NATTOG,25,CVE-2026-11282
402,DESKTOP-5NATTOG,26,CVE-2026-9924
402,DESKTOP-5NATTOG,27,CVE-2026-9962
402,DESKTOP-5NATTOG,28,CVE-2026-9987
402,DESKTOP-5NATTOG,29,CVE-2026-10959
402,DESKTOP-5NATTOG,30,CVE-2026-9946
402,DESKTOP-5NATTOG,31,CVE-2026-9875
402,DESKTOP-5NATTOG,32,CVE-2026-10920
402,DESKTOP-5NATTOG,33,CVE-2026-9112
402,DESKTOP-5NATTOG,34,CVE-2026-10970
402,DESKTOP-5NATTOG,35,CVE-2026-9961
402,DESKTOP-5NATTOG,36,CVE-2026-11306
402,DESKTOP-5NATTOG,37,CVE-2026-11683
402,DESKTOP-5NATTOG,38,CVE-2026-10928
402,DESKTOP-5NATTOG,39,CVE-2026-11235
402,DESKTOP-5NATTOG,40,CVE-2026-11091
402,DESKTOP-5NATTOG,41,CVE-2026-11103
402,DESKTOP-5NATTOG,42,CVE-2026-9884
402,DESKTOP-5NATTOG,43,CVE-2026-11040
402,DESKTOP-5NATTOG,44,CVE-2026-10000
402,DESKTOP-5NATTOG,45,CVE-2026-11054
402,DESKTOP-5NATTOG,46,CVE-2026-9902
402,DESKTOP-5NATTOG,47,CVE-2026-11201
402,DESKTOP-5NATTOG,48,CVE-2026-10975
402,DESKTOP-5NATTOG,49,CVE-2026-11637
402,DESKTOP-5NATTOG,50,CVE-2026-11030
402,DESKTOP-5NATTOG,51,CVE-2026-11272
402,DESKTOP-5NATTOG,52,CVE-2026-11693
402,DESKTOP-5NATTOG,53,CVE-2026-10901
402,DESKTOP-5NATTOG,54,CVE-2026-11207
402,DESKTOP-5NATTOG,55,CVE-2026-11301
402,DESKTOP-5NATTOG,56,CVE-2026-11088
402,DESKTOP-5NATTOG,57,CVE-2026-10898
402,DESKTOP-5NATTOG,58,CVE-2026-10953
402,DESKTOP-5NATTOG,59,CVE-2026-10906
402,DESKTOP-5NATTOG,60,CVE-2026-10986
402,DESKTOP-5NATTOG,61,CVE-2026-9932
402,DESKTOP-5NATTOG,62,CVE-2026-10911
402,DESKTOP-5NATTOG,63,CVE-2026-11052
402,DESKTOP-5NATTOG,64,CVE-2026-9960
402,DESKTOP-5NATTOG,65,CVE-2026-11297
402,DESKTOP-5NATTOG,66,CVE-2026-11641
402,DESKTOP-5NATTOG,67,CVE-2026-10019
402,DESKTOP-5NATTOG,68,CVE-2026-11664
402,DESKTOP-5NATTOG,69,CVE-2026-11144
402,DESKTOP-5NATTOG,70,CVE-2026-11211
402,DESKTOP-5NATTOG,71,CVE-2026-10902
402,DESKTOP-5NATTOG,72,CVE-2026-11293
402,DESKTOP-5NATTOG,73,CVE-2026-11248
402,DESKTOP-5NATTOG,74,CVE-2026-9951
402,DESKTOP-5NATTOG,75,CVE-2026-11692
402,DESKTOP-5NATTOG,76,CVE-2026-10886
402,DESKTOP-5NATTOG,77,CVE-2026-11049
402,DESKTOP-5NATTOG,78,CVE-2026-11647
402,DESKTOP-5NATTOG,79,CVE-2026-11094
402,DESKTOP-5NATTOG,80,CVE-2026-11112
402,DESKTOP-5NATTOG,81,CVE-2026-11657
402,DESKTOP-5NATTOG,82,CVE-2026-11677
402,DESKTOP-5NATTOG,83,CVE-2026-9890
402,DESKTOP-5NATTOG,84,CVE-2026-9880
402,DESKTOP-5NATTOG,85,CVE-2026-9899
402,DESKTOP-5NATTOG,86,CVE-2026-10945
402,DESKTOP-5NATTOG,87,CVE-2026-10961
402,DESKTOP-5NATTOG,88,CVE-2026-10009
402,DESKTOP-5NATTOG,89,CVE-2026-10941
402,DESKTOP-5NATTOG,90,CVE-2026-11262
402,DESKTOP-5NATTOG,91,CVE-2026-9988
402,DESKTOP-5NATTOG,92,CVE-2026-9952
402,DESKTOP-5NATTOG,93,CVE-2026-11173
402,DESKTOP-5NATTOG,94,CVE-2026-11086
402,DESKTOP-5NATTOG,95,CVE-2026-9983
402,DESKTOP-5NATTOG,96,CVE-2026-11231
402,DESKTOP-5NATTOG,97,CVE-2026-11076
402,DESKTOP-5NATTOG,98,CVE-2026-11191
402,DESKTOP-5NATTOG,99,CVE-2026-10974
402,DESKTOP-5NATTOG,100,CVE-2026-11015
402,DESKTOP-5NATTOG,101,CVE-2026-10931
402,DESKTOP-5NATTOG,102,CVE-2026-11667
402,DESKTOP-5NATTOG,103,CVE-2026-10907
402,DESKTOP-5NATTOG,104,CVE-2026-11648
402,DESKTOP-5NATTOG,105,CVE-2026-9111
402,DESKTOP-5NATTOG,106,CVE-2026-11265
402,DESKTOP-5NATTOG,107,CVE-2026-11028
402,DESKTOP-5NATTOG,108,CVE-2026-11066
402,DESKTOP-5NATTOG,109,CVE-2026-9958
402,DESKTOP-5NATTOG,110,CVE-2026-10006
402,DESKTOP-5NATTOG,111,CVE-2026-9898
402,DESKTOP-5NATTOG,112,CVE-2026-11646
402,DESKTOP-5NATTOG,113,CVE-2026-11673
402,DESKTOP-5NATTOG,114,CVE-2026-10915
402,DESKTOP-5NATTOG,115,CVE-2026-11074
402,DESKTOP-5NATTOG,116,CVE-2026-11119
402,DESKTOP-5NATTOG,117,CVE-2026-9997
402,DESKTOP-5NATTOG,118,CVE-2026-10884
402,DESKTOP-5NATTOG,119,CVE-2026-11092
402,DESKTOP-5NATTOG,120,CVE-2026-11649
402,DESKTOP-5NATTOG,121,CVE-2026-10991
402,DESKTOP-5NATTOG,122,CVE-2026-9909
402,DESKTOP-5NATTOG,123,CVE-2026-9893
402,DESKTOP-5NATTOG,124,CVE-2026-10905
402,DESKTOP-5NATTOG,125,CVE-2026-11050
402,DESKTOP-5NATTOG,126,CVE-2026-9928
402,DESKTOP-5NATTOG,127,CVE-2026-9922
402,DESKTOP-5NATTOG,128,CVE-2026-11661
402,DESKTOP-5NATTOG,129,CVE-2026-11130
402,DESKTOP-5NATTOG,130,CVE-2026-11136
402,DESKTOP-5NATTOG,131,CVE-2026-9940
402,DESKTOP-5NATTOG,132,CVE-2026-10914
402,DESKTOP-5NATTOG,133,CVE-2026-11629
402,DESKTOP-5NATTOG,134,CVE-2026-9999
402,DESKTOP-5NATTOG,135,CVE-2026-9897
402,DESKTOP-5NATTOG,136,CVE-2026-10918
402,DESKTOP-5NATTOG,137,CVE-2026-9916
402,DESKTOP-5NATTOG,138,CVE-2026-10982
402,DESKTOP-5NATTOG,139,CVE-2026-11065
402,DESKTOP-5NATTOG,140,CVE-2026-9873
402,DESKTOP-5NATTOG,141,CVE-2026-11024
402,DESKTOP-5NATTOG,142,CVE-2026-11163
402,DESKTOP-5NATTOG,143,CVE-2026-9949
402,DESKTOP-5NATTOG,144,CVE-2026-11117
402,DESKTOP-5NATTOG,145,CVE-2026-10894
402,DESKTOP-5NATTOG,146,CVE-2026-11635
402,DESKTOP-5NATTOG,147,CVE-2026-11640
402,DESKTOP-5NATTOG,148,CVE-2026-10887
402,DESKTOP-5NATTOG,149,CVE-2026-11237
402,DESKTOP-5NATTOG,150,CVE-2026-11638
402,DESKTOP-5NATTOG,151,CVE-2026-11631
402,DESKTOP-5NATTOG,152,CVE-2026-9892
402,DESKTOP-5NATTOG,153,CVE-2026-9976
402,DESKTOP-5NATTOG,154,CVE-2026-10003
402,DESKTOP-5NATTOG,155,CVE-2026-11108
402,DESKTOP-5NATTOG,156,CVE-2026-11674
402,DESKTOP-5NATTOG,157,CVE-2026-10891
402,DESKTOP-5NATTOG,158,CVE-2026-11660
402,DESKTOP-5NATTOG,159,CVE-2026-11636
402,DESKTOP-5NATTOG,160,CVE-2026-9973
402,DESKTOP-5NATTOG,161,CVE-2026-10955
402,DESKTOP-5NATTOG,162,CVE-2026-10927
402,DESKTOP-5NATTOG,163,CVE-2026-9910
402,DESKTOP-5NATTOG,164,CVE-2026-10913
402,DESKTOP-5NATTOG,165,CVE-2026-9967
402,DESKTOP-5NATTOG,166,CVE-2026-11694
402,DESKTOP-5NATTOG,167,CVE-2026-11111
402,DESKTOP-5NATTOG,168,CVE-2026-11082
402,DESKTOP-5NATTOG,169,CVE-2026-11000
402,DESKTOP-5NATTOG,170,CVE-2026-9992
402,DESKTOP-5NATTOG,171,CVE-2026-10895
402,DESKTOP-5NATTOG,172,CVE-2026-10020
402,DESKTOP-5NATTOG,173,CVE-2026-9964
402,DESKTOP-5NATTOG,174,CVE-2026-9938
402,DESKTOP-5NATTOG,175,CVE-2026-9975
402,DESKTOP-5NATTOG,176,CVE-2026-11059
402,DESKTOP-5NATTOG,177,CVE-2026-9915
402,DESKTOP-5NATTOG,178,CVE-2026-11167
402,DESKTOP-5NATTOG,179,CVE-2026-11179
402,DESKTOP-5NATTOG,180,CVE-2026-11633
402,DESKTOP-5NATTOG,181,CVE-2026-10951
402,DESKTOP-5NATTOG,182,CVE-2026-11700
402,DESKTOP-5NATTOG,183,CVE-2026-11655
402,DESKTOP-5NATTOG,184,CVE-2026-11659
402,DESKTOP-5NATTOG,185,CVE-2026-9957
402,DESKTOP-5NATTOG,186,CVE-2026-11037
402,DESKTOP-5NATTOG,187,CVE-2026-11650
402,DESKTOP-5NATTOG,188,CVE-2026-11680
402,DESKTOP-5NATTOG,189,CVE-2026-10012
402,DESKTOP-5NATTOG,190,CVE-2026-11131
402,DESKTOP-5NATTOG,191,CVE-2026-9896
402,DESKTOP-5NATTOG,192,CVE-2026-11175
402,DESKTOP-5NATTOG,193,CVE-2026-10935
402,DESKTOP-5NATTOG,194,CVE-2026-10917
402,DESKTOP-5NATTOG,195,CVE-2026-9878
402,DESKTOP-5NATTOG,196,CVE-2026-11634
402,DESKTOP-5NATTOG,197,CVE-2026-11307
402,DESKTOP-5NATTOG,198,CVE-2026-9947
402,DESKTOP-5NATTOG,199,CVE-2026-10921
402,DESKTOP-5NATTOG,200,CVE-2026-10949
402,DESKTOP-5NATTOG,201,CVE-2026-10971
402,DESKTOP-5NATTOG,202,CVE-2026-9881
402,DESKTOP-5NATTOG,203,CVE-2026-11687
402,DESKTOP-5NATTOG,204,CVE-2026-9995
402,DESKTOP-5NATTOG,205,CVE-2026-11169
402,DESKTOP-5NATTOG,206,CVE-2026-9925
402,DESKTOP-5NATTOG,207,CVE-2026-10017
402,DESKTOP-5NATTOG,208,CVE-2026-11043
402,DESKTOP-5NATTOG,209,CVE-2026-10924
402,DESKTOP-5NATTOG,210,CVE-2026-11250
402,DESKTOP-5NATTOG,211,CVE-2026-10987
402,DESKTOP-5NATTOG,212,CVE-2026-9905
402,DESKTOP-5NATTOG,213,CVE-2026-11171
402,DESKTOP-5NATTOG,214,CVE-2026-9119
402,DESKTOP-5NATTOG,215,CVE-2026-11153
402,DESKTOP-5NATTOG,216,CVE-2026-11047
402,DESKTOP-5NATTOG,217,CVE-2026-11070
402,DESKTOP-5NATTOG,218,CVE-2026-10952
402,DESKTOP-5NATTOG,219,CVE-2026-10882
402,DESKTOP-5NATTOG,220,CVE-2026-11100
402,DESKTOP-5NATTOG,221,CVE-2026-11151
402,DESKTOP-5NATTOG,222,CVE-2026-10926
402,DESKTOP-5NATTOG,223,CVE-2026-10943
402,DESKTOP-5NATTOG,224,CVE-2026-9126
402,DESKTOP-5NATTOG,225,CVE-2026-11688
402,DESKTOP-5NATTOG,226,CVE-2026-9933
402,DESKTOP-5NATTOG,227,CVE-2026-11056
402,DESKTOP-5NATTOG,228,CVE-2026-11124
402,DESKTOP-5NATTOG,229,CVE-2026-9891
402,DESKTOP-5NATTOG,230,CVE-2026-11670
402,DESKTOP-5NATTOG,231,CVE-2026-11185
402,DESKTOP-5NATTOG,232,CVE-2026-10936
402,DESKTOP-5NATTOG,233,CVE-2026-9885
402,DESKTOP-5NATTOG,234,CVE-2026-9872
402,DESKTOP-5NATTOG,235,CVE-2026-9936
402,DESKTOP-5NATTOG,236,CVE-2026-11071
402,DESKTOP-5NATTOG,237,CVE-2026-9941
402,DESKTOP-5NATTOG,238,CVE-2026-11042
402,DESKTOP-5NATTOG,239,CVE-2026-9968
402,DESKTOP-5NATTOG,240,CVE-2026-11303
402,DESKTOP-5NATTOG,241,CVE-2026-9948
402,DESKTOP-5NATTOG,242,CVE-2026-9886
402,DESKTOP-5NATTOG,243,CVE-2026-11652
402,DESKTOP-5NATTOG,244,CVE-2026-9982
402,DESKTOP-5NATTOG,245,CVE-2026-9894
402,DESKTOP-5NATTOG,246,CVE-2026-11114
402,DESKTOP-5NATTOG,247,CVE-2026-11213
402,DESKTOP-5NATTOG,248,CVE-2026-9877
402,DESKTOP-5NATTOG,249,CVE-2026-10908
402,DESKTOP-5NATTOG,250,CVE-2026-11644
402,DESKTOP-5NATTOG,251,CVE-2026-10988
402,DESKTOP-5NATTOG,252,CVE-2026-10881
402,DESKTOP-5NATTOG,253,CVE-2026-11645
402,DESKTOP-5NATTOG,254,CVE-2026-11198
402,DESKTOP-5NATTOG,255,CVE-2026-10013
402,DESKTOP-5NATTOG,256,CVE-2026-10007
402,DESKTOP-5NATTOG,257,CVE-2026-11012
402,DESKTOP-5NATTOG,258,CVE-2026-10972
402,DESKTOP-5NATTOG,259,CVE-2026-10016
402,DESKTOP-5NATTOG,260,CVE-2026-11146
402,DESKTOP-5NATTOG,261,CVE-2026-10963
402,DESKTOP-5NATTOG,262,CVE-2026-10978
402,DESKTOP-5NATTOG,263,CVE-2026-10892
402,DESKTOP-5NATTOG,264,CVE-2026-11158
402,DESKTOP-5NATTOG,265,CVE-2026-11152
402,DESKTOP-5NATTOG,266,CVE-2026-11041
402,DESKTOP-5NATTOG,267,CVE-2026-10954
402,DESKTOP-5NATTOG,268,CVE-2026-9118
402,DESKTOP-5NATTOG,269,CVE-2026-11697
402,DESKTOP-5NATTOG,270,CVE-2026-10885
402,DESKTOP-5NATTOG,271,CVE-2026-10947
402,DESKTOP-5NATTOG,272,CVE-2026-11654
402,DESKTOP-5NATTOG,273,CVE-2026-11699
402,DESKTOP-5NATTOG,274,CVE-2026-11113
402,DESKTOP-5NATTOG,275,CVE-2026-11149
402,DESKTOP-5NATTOG,276,CVE-2026-11147
402,DESKTOP-5NATTOG,277,CVE-2026-11256
402,DESKTOP-5NATTOG,278,CVE-2026-9918
402,DESKTOP-5NATTOG,279,CVE-2026-11021
402,DESKTOP-5NATTOG,280,CVE-2026-11077
402,DESKTOP-5NATTOG,281,CVE-2026-11632
402,DESKTOP-5NATTOG,282,CVE-2026-10946
402,DESKTOP-5NATTOG,283,CVE-2026-9993
402,DESKTOP-5NATTOG,284,CVE-2026-10893
402,DESKTOP-5NATTOG,285,CVE-2026-11058
402,DESKTOP-5NATTOG,286,CVE-2026-10922
402,DESKTOP-5NATTOG,287,CVE-2026-11236
402,DESKTOP-5NATTOG,288,CVE-2026-10948
402,DESKTOP-5NATTOG,289,CVE-2026-10957
402,DESKTOP-5NATTOG,290,CVE-2026-9120
402,DESKTOP-5NATTOG,291,CVE-2026-11125
402,DESKTOP-5NATTOG,292,CVE-2026-10919
402,DESKTOP-5NATTOG,293,CVE-2026-9900
402,DESKTOP-5NATTOG,294,CVE-2026-10989
402,DESKTOP-5NATTOG,295,CVE-2026-11242
402,DESKTOP-5NATTOG,296,CVE-2026-10890
402,DESKTOP-5NATTOG,297,CVE-2026-11120
402,DESKTOP-5NATTOG,298,CVE-2026-10899
402,DESKTOP-5NATTOG,299,CVE-2026-9934
402,DESKTOP-5NATTOG,300,CVE-2026-11170
402,DESKTOP-5NATTOG,301,CVE-2026-11642
402,DESKTOP-5NATTOG,302,CVE-2026-11046
402,DESKTOP-5NATTOG,303,CVE-2026-9879
402,DESKTOP-5NATTOG,304,CVE-2026-9963
402,DESKTOP-5NATTOG,305,CVE-2026-11172
402,DESKTOP-5NATTOG,306,CVE-2026-11305
402,DESKTOP-5NATTOG,307,CVE-2026-11296
402,DESKTOP-5NATTOG,308,CVE-2026-9874
402,DESKTOP-5NATTOG,309,CVE-2026-11063
402,DESKTOP-5NATTOG,310,CVE-2026-9998
402,DESKTOP-5NATTOG,311,CVE-2026-11639
402,DESKTOP-5NATTOG,312,CVE-2026-9876
402,DESKTOP-5NATTOG,313,CVE-2026-10990
402,DESKTOP-5NATTOG,314,CVE-2026-10021
402,DESKTOP-5NATTOG,315,CVE-2026-9984
402,DESKTOP-5NATTOG,316,CVE-2026-11679
402,DESKTOP-5NATTOG,317,CVE-2026-11080
402,DESKTOP-5NATTOG,318,CVE-2026-9114
402,DESKTOP-5NATTOG,319,CVE-2026-10934
402,DESKTOP-5NATTOG,320,CVE-2026-11010
402,DESKTOP-5NATTOG,321,CVE-2026-9923
402,DESKTOP-5NATTOG,322,CVE-2026-11662
402,DESKTOP-5NATTOG,323,CVE-2026-10909
402,DESKTOP-5NATTOG,324,CVE-2026-11154
402,DESKTOP-5NATTOG,325,CVE-2026-9888
402,DESKTOP-5NATTOG,326,CVE-2026-9945
402,DESKTOP-5NATTOG,327,CVE-2026-11085
402,DESKTOP-5NATTOG,328,CVE-2026-10923
402,DESKTOP-5NATTOG,329,CVE-2026-9123
402,DESKTOP-5NATTOG,330,CVE-2026-11177
402,DESKTOP-5NATTOG,331,CVE-2026-9937
402,DESKTOP-5NATTOG,332,CVE-2026-11009
402,DESKTOP-5NATTOG,333,CVE-2026-11671
402,DESKTOP-5NATTOG,334,CVE-2026-9914
402,DESKTOP-5NATTOG,335,CVE-2026-10910
402,DESKTOP-5NATTOG,336,CVE-2026-9927
402,DESKTOP-5NATTOG,337,CVE-2026-11656
402,DESKTOP-5NATTOG,338,CVE-2026-10967
402,DESKTOP-5NATTOG,339,CVE-2026-9895
402,DESKTOP-5NATTOG,340,CVE-2026-11116
402,DESKTOP-5NATTOG,341,CVE-2026-11165
402,DESKTOP-5NATTOG,342,CVE-2026-9926
402,DESKTOP-5NATTOG,343,CVE-2026-9954
402,DESKTOP-5NATTOG,344,CVE-2026-11643
402,DESKTOP-5NATTOG,345,CVE-2026-11295
402,DESKTOP-5NATTOG,346,CVE-2026-10995
402,DESKTOP-5NATTOG,347,CVE-2026-11255
402,DESKTOP-5NATTOG,348,CVE-2026-9117
402,DESKTOP-5NATTOG,349,CVE-2026-10900
402,DESKTOP-5NATTOG,350,CVE-2026-10964
402,DESKTOP-5NATTOG,351,CVE-2026-9966
402,DESKTOP-5NATTOG,352,CVE-2026-10904
402,DESKTOP-5NATTOG,353,CVE-2026-9972
402,DESKTOP-5NATTOG,354,CVE-2026-11188
402,DESKTOP-5NATTOG,355,CVE-2026-10960
402,DESKTOP-5NATTOG,356,CVE-2026-9956
402,DESKTOP-5NATTOG,357,CVE-2026-11663
402,DESKTOP-5NATTOG,358,CVE-2026-10015
402,DESKTOP-5NATTOG,359,CVE-2026-11651
402,DESKTOP-5NATTOG,360,CVE-2026-9969
402,DESKTOP-5NATTOG,361,CVE-2026-11068
402,DESKTOP-5NATTOG,362,CVE-2026-11003
402,DESKTOP-5NATTOG,363,CVE-2026-11102
402,DESKTOP-5NATTOG,364,CVE-2026-9904
402,DESKTOP-5NATTOG,365,CVE-2026-10889
402,DESKTOP-5NATTOG,366,CVE-2026-9906
402,DESKTOP-5NATTOG,367,CVE-2026-10005
402,DESKTOP-5NATTOG,368,CVE-2026-10883
402,DESKTOP-5NATTOG,369,CVE-2026-11224
402,DESKTOP-5NATTOG,370,CVE-2026-10932
402,DESKTOP-5NATTOG,371,CVE-2026-11202
402,DESKTOP-5NATTOG,372,CVE-2026-10956
402,DESKTOP-5NATTOG,373,CVE-2026-11630
402,DESKTOP-5NATTOG,374,CVE-2026-10969
402,DESKTOP-5NATTOG,375,CVE-2026-10925
402,DESKTOP-5NATTOG,376,CVE-2026-9889
402,DESKTOP-5NATTOG,377,CVE-2026-11061
402,DESKTOP-5NATTOG,378,CVE-2026-10022
402,DESKTOP-5NATTOG,379,CVE-2026-10966
402,DESKTOP-5NATTOG,380,CVE-2026-10983
402,DESKTOP-5NATTOG,381,CVE-2026-9901
402,DESKTOP-5NATTOG,382,CVE-2026-10965
402,DESKTOP-5NATTOG,383,CVE-2026-10930
402,DESKTOP-5NATTOG,384,CVE-2026-11095
402,DESKTOP-5NATTOG,385,CVE-2026-9990
402,DESKTOP-5NATTOG,386,CVE-2026-11690
402,DESKTOP-5NATTOG,387,CVE-2026-11164
402,DESKTOP-5NATTOG,388,CVE-2026-11698
402,DESKTOP-5NATTOG,389,CVE-2026-10958
402,DESKTOP-5NATTOG,390,CVE-2026-9931
402,DESKTOP-5NATTOG,391,CVE-2026-9994
402,DESKTOP-5NATTOG,392,CVE-2026-11079
402,DESKTOP-5NATTOG,393,CVE-2026-10896
402,DESKTOP-5NATTOG,394,CVE-2026-9974
402,DESKTOP-5NATTOG,395,CVE-2026-9121
402,DESKTOP-5NATTOG,396,CVE-2026-11011
402,DESKTOP-5NATTOG,397,CVE-2026-11241
402,DESKTOP-5NATTOG,398,CVE-2026-10897
402,DESKTOP-5NATTOG,399,CVE-2026-10929
402,DESKTOP-5NATTOG,400,CVE-2026-10962
402,DESKTOP-5NATTOG,401,CVE-2026-9883
402,DESKTOP-5NATTOG,402,CVE-2026-10002
402,DESKTOP-5NATTOG,403,CVE-2026-11118
402,DESKTOP-5NATTOG,404,CVE-2026-11072
402,DESKTOP-5NATTOG,405,CVE-2026-10888
402,DESKTOP-5NATTOG,406,CVE-2026-10933
402,DESKTOP-5NATTOG,407,CVE-2026-11060
402,DESKTOP-5NATTOG,408,CVE-2026-11055
402,DESKTOP-5NATTOG,409,CVE-2026-10942
402,DESKTOP-5NATTOG,410,CVE-2026-9978
490,C9300-48P.core.2,1,CVE-2025-20352
490,C9300-48P.core.2,2,CVE-2025-20160
490,C9300-48P.core.2,3,CVE-2025-20239
490,C9300-48P.core.2,4,CVE-2025-20311
491,C3560-IOT-table,1,CVE-2019-1746
491,C3560-IOT-table,2,CVE-2017-6736
491,C3560-IOT-table,3,CVE-2025-20363
491,C3560-IOT-table,4,CVE-2025-20352
493,C2960-C-LR,1,CVE-2025-20352
495,C3560X-24.18,1,CVE-2017-3881
495,C3560X-24.18,2,CVE-2025-20352
495,C3560X-24.18,3,CVE-2017-6743
495,C3560X-24.18,4,CVE-2017-6738
495,C3560X-24.18,5,CVE-2025-20239
495,C3560X-24.18,6,CVE-2017-6744
495,C3560X-24.18,7,CVE-2017-6737
495,C3560X-24.18,8,CVE-2017-6736
495,C3560X-24.18,9,CVE-2025-20225
495,C3560X-24.18,10,CVE-2025-20160
495,C3560X-24.18,11,CVE-2025-20253
496,C3560CX-8-bsmt.17,1,CVE-2025-20352
497,C3560-CG-MBR.9,1,CVE-2025-20225
497,C3560-CG-MBR.9,2,CVE-2025-20253
497,C3560-CG-MBR.9,3,CVE-2025-20352
498,C3560CX-8XPD-attic.4,1,CVE-2025-20352
500,C3560CX-12PD-MBRCl.20,1,CVE-2018-0171
500,C3560CX-12PD-MBRCl.20,2,CVE-2017-3881
500,C3560CX-12PD-MBRCl.20,3,CVE-2017-6743
500,C3560CX-12PD-MBRCl.20,4,CVE-2025-20253
500,C3560CX-12PD-MBRCl.20,5,CVE-2017-6737
500,C3560CX-12PD-MBRCl.20,6,CVE-2025-20225
500,C3560CX-12PD-MBRCl.20,7,CVE-2025-20239
500,C3560CX-12PD-MBRCl.20,8,CVE-2025-20352
500,C3560CX-12PD-MBRCl.20,9,CVE-2017-6738
500,C3560CX-12PD-MBRCl.20,10,CVE-2017-6744
500,C3560CX-12PD-MBRCl.20,11,CVE-2017-6736
503,C3560CX-8PC.mbrc2.21,1,CVE-2025-20352
503,C3560CX-8PC.mbrc2.21,2,CVE-2025-20225
503,C3560CX-8PC.mbrc2.21,3,CVE-2025-20160
503,C3560CX-8PC.mbrc2.21,4,CVE-2025-20239
503,C3560CX-8PC.mbrc2.21,5,CVE-2025-20253
