vendor, program
2N,Access Commander
3S Smart Software Solutions,CODESYS
7-zip,7-Zip
7-zip,7-zip
ABB,800xA
ABB,800xA History
ABB,800xA System
ABB,800xA for AC 870P Melody
ABB,800xA for Symphony Plus Harmony
ABB,800xa
ABB,ABB 800xA Base
ABB,ABB Base Software
ABB,ABB Base Software for SoftControl
ABB,ABB Protection and Control IED Manager PCM600
ABB,ABB RobotWare
ABB,ABB S+ Engineering Composer Harmony
ABB,ABB S+ Engineering Harmony API Runtime
ABB,AO-OPC
ABB,ASP-ENT-
ABB,ASPECT
ABB,Ability Camera Connect
ABB,Ability Edgenius
ABB,Application Change Management
ABB,Aspect Enterprise
ABB,Asset Suite
ABB,Automation Builder
ABB,Automation Builder Platform
ABB,Automation Runtime
ABB,Automation Studio
ABB,Base Software
ABB,Base Software for SoftControl
ABB,Batch Management
ABB,CODESYS OPC DA Server
ABB,Cassia Access Controller
ABB,Compact Product Suite
ABB,Composer Harmony
ABB,Composer Melody
ABB,Device Library Wizard
ABB,Drive Composer
ABB,Drive Composer entry
ABB,Drive Composer pro
ABB,Ellipse EAM
ABB,M professional
ABB,MConfig
ABB,Marine ITMonitoring
ABB,Matrix
ABB,Mint WorkBench
ABB,Mint Workbench I
ABB,My Control System
ABB,Nexus
ABB,OPC Server
ABB,OPTIMAX
ABB,PCM600
ABB,Plant Connect
ABB,Platform Engineering Tools
ABB,Power Generation Information Manager
ABB,Production Response Batch History
ABB,RCCMD
ABB,RobotWare
ABB,S+ Historian
ABB,S+ Operation
ABB,S+ Operations
ABB,Safe
ABB,Symphony Plus
ABB,Symphony Plus S+ Operations
ABB,System Access Point (ABB)
ABB,System Access Point (BJE)
ABB,System Access Point 127V (ABB)
ABB,System Access Point 2.0 (ABB)
ABB,System Access Point 2.0 (BJE)
ABB,System Access Point 2.0 US
ABB,Terra AC wallbox
ABB,Terra AC wallbox (JP)
ABB,WL-System Access Point (ABB)
ABB,WL-System Access Point 127V (ABB)
ABB,Zenon
ABB,e-Design
ABB,eSOMS
AMI,MegaRAC-SP
APC,PowerChute
APC,PowerChute Business Edition
APC,PowerChute Network Shutdown
APC,apcupsd
APSystems,Altenergy Power Control
AVEVA,AVEVA Application Server
AVEVA,AVEVA Batch Management
AVEVA,AVEVA Batch Management 2000
AVEVA,AVEVA Batch Management 2020
AVEVA,AVEVA Communication Drivers Pack
AVEVA,AVEVA Communication Drivers Pack 2000
AVEVA,AVEVA Enterprise Data Management 2021
AVEVA,AVEVA Historian
AVEVA,AVEVA HistorianClient 2014
AVEVA,AVEVA InTouch 2014
AVEVA,AVEVA Ioperations Intergration Core
AVEVA,AVEVA MES 2000
AVEVA,AVEVA Manufacturing Execution System 2020
AVEVA,AVEVA Mobile Operator 2020
AVEVA,AVEVA System Platform
AVEVA,AVEVA Work Tasks 2020
AVEVA,AVEVA Work Tasks 2020 Update 1
AVEVA,Application Server
AVEVA,Batch Management
AVEVA,Batch Management 2020
AVEVA,Communication Drivers Pack
AVEVA,Communication Drivers Pack 2020
AVEVA,Data Acquisition Servers
AVEVA,Edge
AVEVA,Enterprise Data Management Web
AVEVA,Enterprise Licensing
AVEVA,Historian
AVEVA,Historian 2020
AVEVA,InTouch
AVEVA,InTouch 2017 U3 SP1 P01
AVEVA,InTouch 2020
AVEVA,InTouch 2020 R2
AVEVA,MES 2014 R2
AVEVA,Manufacturing Execution System
AVEVA,Mobile Operator
AVEVA,Operations Integration Core
AVEVA,PCS
AVEVA,PI AF
AVEVA,PI AF 2018
AVEVA,PI AF 2023
AVEVA,PI Asset Framework 2018
AVEVA,PI Asset Framework 2023
AVEVA,PI Asset Framework Client
AVEVA,PI Connector for CygNet
AVEVA,PI Data Archive 2018
AVEVA,PI Data Archive 2018 SP3 Patch 1
AVEVA,PI Data Archive 2018 SP3 Patch 2
AVEVA,PI Data Archive 2018 SP3 Patch 3
AVEVA,PI Data Archive 2018 SP3 Patch 4
AVEVA,PI Data Archive 2018 SP3 Patch 7
AVEVA,PI Data Archive 2023
AVEVA,PI Data Archive 2023 Patch 1
AVEVA,PI Data Archive 2024
AVEVA,PI Integrator for Business Analytics
AVEVA,PI Server
AVEVA,PI Server 2018 SP3
AVEVA,PI Server 2018 SP3 Patch 1
AVEVA,PI Server 2018 SP3 Patch 2
AVEVA,PI Server 2018 SP3 Patch 3
AVEVA,PI Server 2018 SP3 Patch 4
AVEVA,PI Server 2018 SP3 Patch 5
AVEVA,PI Server 2018 SP3 Patch 6
AVEVA,PI Server 2023
AVEVA,PI Server 2023 Patch 1
AVEVA,PI Web API
AVEVA,PI Web API 2023
AVEVA,PI to CONNECT Agent
AVEVA,Pipeline Simulation
AVEVA,Process Optimization 2020
AVEVA,Process Optimization 2021
AVEVA,Process Optimization 2022
AVEVA,Process Optimization 2023
AVEVA,Process Optimization 2024
AVEVA,Recipe Management
AVEVA,System Platform 2014
AVEVA,System Platform 2017
AVEVA,System Platform 2017 U3 SP1 P01
AVEVA,System Platform 2020
AVEVA,System Platform 2020 R2
AVEVA,System Platform 2020 R2 P01
AVEVA,SystemPlatform
AVEVA,Telemetry Server
AVEVA,Worktasks
AVEVA,aveva application server 2023
AVEVA,aveva application server 2023 r1
AVEVA,aveva application server 2023 r1 sp1
AVEVA,aveva application server 2023 r1 sp1 p01
AVEVA,aveva application server 2023 r1 sp1 p02
AVEVA,aveva application server 2023 r2
AVEVA,aveva application server 2023 r2 sp1
AVEVA,aveva application server 2023 r2 sp1 p01
AVEVA,aveva application server 2023 r2 sp1 p02
Abbott,TSM
Abbott,TWM
Abbott,Track Sample Manager
Abbott,Track Workflow Manager
Acronis,Acronis Cyber Infrastructure
Adminer,Adminer
Adobe,Acrobat
Adobe,Acrobat DC
Adobe,Acrobat Reader
Adobe,Acrobat Reader DC
Adobe,Adobe Animate
Adobe,Adobe ColdFusion
Adobe,Adobe Commerce
Adobe,Adobe Commerce B2B
Adobe,Adobe Flash Player
Adobe,Adobe Media Encoder
Adobe,ColdFusion
Adobe,Experience Manager
Adobe,Flash Player
Adobe,Magento Open Source
Advantech,DeviceOn/iEdge
Advantech,IoT Edge Linux
Advantech,IoT Edge Windows
Advantech,IoTSuite Growth
Advantech,IoTSuite SaaSCompose
Advantech,IoTSuite Starter
Advantech,WebAccess/SCADA
Advantech,iView
Advantive,Veracore
Aiphone,IX SupportTool
Aiphone,IXG SupportTool
AnyDesk Software,AnyDesk
Apache Software Foundation,ActiveMQ
Apache Software Foundation,Apache HTTP Server
Apache Software Foundation,Apache Tomcat
Apache Software Foundation,Flink
Apache Software Foundation,HTTP Server
Apache Software Foundation,HugeGraph-Server
Apache Software Foundation,OFBiz
Apache Software Foundation,Struts
Apache Software Foundation,Superset
Apache Software Foundation,Tomcat
Apache Software Foundation,commons configuration
Apache Software Foundation,commons text
Apache Software Foundation,rocketmq
Apex,Environet
Apple,Safari
Apple,iOS
Apple,iPadOS
Apple,ipad
Apple,iphone
Apple,safari
Aquasecurity,Trivy
Aquasecurity,setup-trivy
Aquasecurity,trivy-action
Arm,Mali GPU Kernel Driver
Array Networks,ArrayOS AG
Ashlar Vellum,Argon
Ashlar Vellum,Cobalt
Ashlar Vellum,Cobalt Share
Ashlar Vellum,Graphite
Ashlar Vellum,Lithium
Ashlar Vellum,Xenon
Asseco Poland S.A.,mMedica
Asus,Live Update
Atlas Copco,Error Proofing License Manager
Atlas Copco,QASupervisor
Atlas Copco,SQS3 License Manager
Atlassian,Bamboo Data Center
Atlassian,Confluence
Atlassian,Confluence Data Center
Atlassian,Confluence Server
Atlassian,Jira Data Center
Atlassian,Jira Server
Audinate,Dante
Autodesk,AutoCAD
Autodesk,AutoCAD Architecture
Autodesk,AutoCAD Electrical
Autodesk,AutoCAD GENESIS64
Autodesk,AutoCAD LT
Autodesk,AutoCAD LT for Mac
Autodesk,AutoCAD MC Works64
Autodesk,AutoCAD MEP
Autodesk,AutoCAD Map 3D
Autodesk,AutoCAD Mechanical
Autodesk,AutoCAD Plant 3D
Autodesk,AutoCAD for Mac
Autodesk,Autodesk Advance Steel
Autodesk,Autodesk Civil 3D
Automated Logic,SiteScan Web
Automated Logic,WebCTRL
Automated Logic,WebCTRL Server
Automated Logic,WebCTRL for OEMs
AutomatedLogic,SiteScan Web
AutomatedLogic,WebCTRL
AutomatedLogic,WebCTRL Server
AutomatedLogic,WebCTRL for OEMs
Automation Direct,Productivity Suite
Automation Direct,c-more ea9 programing software
Axis Communications AB,AXIS Camera Station
Axis Communications AB,AXIS Camera Station 5
Axis Communications AB,AXIS Camera Station Pro
Axis Communications AB,AXIS Device Manager
Axis Communications AB,AXIS License Plate Verifier
Axis Communications AB,AXIS Media Control Embedded Installer
Axis Communications AB,AXIS Optimizer
Axis Communications AB,Camera Control
Axis Communications AB,License Plate Verifier
Axis Communications,AXIS Camera Station
Axis Communications,AXIS Camera Station 5
Axis Communications,AXIS Camera Station Pro
Axis Communications,AXIS Device Manager
Axis Communications,AXIS License Plate Verifier
Axis Communications,AXIS Media Control Embedded Installer
Axis Communications,AXIS Optimizer
Axis Communications,Camera Control
Axis Communications,License Plate Verifier
Axis,AXIS Camera Station
Axis,AXIS Camera Station 5
Axis,AXIS Camera Station Pro
Axis,AXIS Device Manager
Axis,AXIS License Plate Verifier
Axis,AXIS Media Control Embedded Installer
Axis,AXIS Optimizer
Axis,Camera Control
Axis,License Plate Verifier
AzeoTech,DAQFactory
B&R Industrial Automation,Aprol
B&R Industrial Automation,Automation Runtime
B&R Industrial Automation,Automation Runtime Simulation
B&R Industrial Automation,Automation Studio
B&R Industrial Automation,Hypervisor
B&R Industrial Automation,Technology Guarding
B&R Industrial Automation,Visual Components
B&R Industrial Automation,mapp Cockpit
B&R Industrial Automation,mapp Motion
B&R Industrial Automation,mapp Safety
B&R Industrial Automation,mapp Services
B&R Industrial Automation,mapp View
B&R Industrial Automation,mapp Vision
B.Braun,OnlineSuite
BIG IT,BIG IT
BMC Software,Track-It
Baker Hughes,Bently Nevada 3500
Beckhoff,Beckhoff IPC Diagnostics
Beckhoff,Beckhoff TF6100 OPC-UA
Beckhoff,Beckhoff TS6100 OPC-UA
Beckhoff,Beckhoff TwinCAT HMI Server
Beckhoff,IPC Diagnostic UA Server
Beckhoff,IPC Diagnostics UA Server
Beckhoff,OPC UA Server
Beckhoff,TE1000
Beckhoff,TF2110
Beckhoff,TF3300
Beckhoff,TF6100
Beckhoff,TF6720
Beckhoff,TS6100
Beckhoff,TS6100-0030
Beckhoff,TcOpcUaServer
Beckhoff,TwinCAT
Beckhoff,TwinCAT Package Manager
Beckhoff,beckhoff tf2000 hmi server
Beckhoff,ipc diagnostics
Becton Dickinson,IV Prep
Becton Dickinson,Logistics
Becton Dickinson,Medstation
Becton Dickinson,Supply Knowledge Portal
Becton Dickinson,Tissue & Implant Management System
Belledonne Communications,Linphone
Bently Nevada,View
BerriAI,LiteLLM
BeyondTrust,PRA
BeyondTrust,Privileged Remote Access
BeyondTrust,RS
BeyondTrust,Remote Support
Bitsight,MRLG
Boston Scientific,LATITUDE Link Viewer
Brocade,SANnav
Campbell Scientific,CSI Web Server
Campbell Scientific,RTMC Pro
Carestream,RIS
Carrier,BLK4
Carrier,BLK41
Carrier,Block Load
Carrier,i-Vu
CentOS,CWP
CentOS,Control Web Panel
CentOS,FreeType
CentOS,Web Panel
Chargemap,chargemap
Check Point,CloudGuard
Chirp Systems,Chirp Access
Cisco,8000V Edge
Cisco,8000V Edge Software
Cisco,9800-CL
Cisco,ACS
Cisco,AMP for Linux
Cisco,AMP for MacOS
Cisco,AMP for Windows
Cisco,APIC
Cisco,ASA
Cisco,ASDM
Cisco,AnyConnect
Cisco,Application Delivery
Cisco,Application Server
Cisco,AsyncOS
Cisco,BroadWorks
Cisco,BroadWorks Application Delivery
Cisco,CCE
Cisco,CCX
Cisco,CE
Cisco,CNC
Cisco,CSDAC
Cisco,CSPC
Cisco,CX
Cisco,Catalyst 8000V Edge Software
Cisco,Catalyst Center
Cisco,Catalyst Center Virtual Appliance
Cisco,Catalyst SD-WAN Manager
Cisco,Cisco Adaptive Security Appliance (ASA) Software
Cisco,Cisco AnyConnect VPN Client
Cisco,Cisco Application Extension Platform
Cisco,Cisco Catalyst Center
Cisco,Cisco Catalyst SD-WAN Controller
Cisco,Cisco Catalyst SD-WAN Manager
Cisco,Cisco Data Center Network Manager
Cisco,Cisco IOS
Cisco,Cisco ISE
Cisco,Cisco NX-OS
Cisco,Cisco Secure Client
Cisco,Cisco Secure Client - AnyConnect VPN
Cisco,Cisco Secure Client - ISE Posture
Cisco,Cisco Secure Email
Cisco,Cisco Secure Email Gateway
Cisco,Cisco Secure Email and Web Manager
Cisco,Cisco Smart License Utility
Cisco,Cisco Unified CCE
Cisco,Cisco Unified CCX
Cisco,Cisco Unified Communications Manager
Cisco,Cisco Unified Communications Manager IM & Presence Service
Cisco,Cisco Unified Communications Manager Session Management Edition
Cisco,Cisco Unified Contact Center Express
Cisco,Cisco Unified Intelligence Center
Cisco,Cisco Unity Connection
Cisco,Cisco ironport
Cisco,ClamAV
Cisco,Cloud Native Broadband Network Gateway
Cisco,CommPilot
Cisco,ConfD
Cisco,Crosswork Data Gateway
Cisco,Crosswork NSO
Cisco,Crosswork Network Controller
Cisco,Cyber Vision
Cisco,DCNM
Cisco,DNA Center
Cisco,Data Center Network Manager
Cisco,Duo
Cisco,EPNM
Cisco,Email Security
Cisco,Enterprise Chat & Email
Cisco,Enterprise Chat and Email
Cisco,Evolved Programmable Network Manager
Cisco,Expressway
Cisco,FMC
Cisco,FTD
Cisco,FXOS
Cisco,Field Network Director
Cisco,Finesse
Cisco,FirePOWER
Cisco,Firepower
Cisco,Firepower Management Center
Cisco,Fpr2110
Cisco,Fpr2120
Cisco,Fpr2130
Cisco,Fpr2140
Cisco,HyperFlex
Cisco,IND
Cisco,INode
Cisco,INode manager
Cisco,IOS
Cisco,IOS SD-WAN
Cisco,IOS XE
Cisco,IOS XE SD-WAN
Cisco,IOS XR
Cisco,IOT CC
Cisco,IOx
Cisco,ISE
Cisco,ISM-VPN
Cisco,Identity Services Engine
Cisco,Intelligent Node
Cisco,Intelligent Node manager
Cisco,IronPort
Cisco,Manage Software
Cisco,Management Center
Cisco,Management Center Virtual
Cisco,Meeting
Cisco,Meeting Management
Cisco,Mobility Express
Cisco,Modeling Labs
Cisco,NDFC
Cisco,NFVIS
Cisco,NSO
Cisco,NX-OS
Cisco,Network Server
Cisco,Network Services Orchestrator
Cisco,Nexus Dashboard
Cisco,Nexus Dashboard Fabric Controller
Cisco,Nexus Dashboard Insights
Cisco,Nexus Dashboard Orchestrator
Cisco,Optical Site Manager
Cisco,Optical Site Manager for Network Convergence System
Cisco,Prime Collaboration Deployment
Cisco,Prime Infrastructure
Cisco,RoomOS
Cisco,SD-WAN
Cisco,SD-WAN vManage
Cisco,SD-Wan
Cisco,SEC
Cisco,SEPC
Cisco,SMA
Cisco,SNA
Cisco,SPA300
Cisco,SPA500
Cisco,SSM
Cisco,SSM On-Prem
Cisco,SSM Satellite
Cisco,Secure Access
Cisco,Secure Email Gateway
Cisco,Secure Email and Web Manager
Cisco,Secure FMC
Cisco,Secure FTD
Cisco,Secure Firewall ASA
Cisco,Secure Network Analytics
Cisco,Secure Web Appliance
Cisco,Shelf Virtualization Orchestrator Module
Cisco,Smart PHY
Cisco,Smart Software Manager
Cisco,StarOS
Cisco,TelePresence
Cisco,TelePresence Collaboration Endpoint
Cisco,TelePresence Endpoint Software
Cisco,Threat Defense
Cisco,Threat Defense Virtual
Cisco,UC
Cisco,UCCE
Cisco,UCCX
Cisco,UCM
Cisco,UCM IMP
Cisco,UCM SME
Cisco,UCS
Cisco,UCS Manager
Cisco,UIC
Cisco,Ultra Cloud Core
Cisco,Ultra Services Platform
Cisco,Unified CCX
Cisco,Unified Communications Manager
Cisco,Unified Communications Manager IM & Presence Service
Cisco,Unified Communications Manager Session Management Edition
Cisco,Unified Intelligence
Cisco,Unity
Cisco,Unity Connection
Cisco,Unnity Connect
Cisco,VCS
Cisco,VWC
Cisco,WSA
Cisco,Webex
Cisco,Webex Calling Dedicated Instance
Cisco,Webex Meetings
Cisco,Webex Room Phone
Cisco,Webex Service
Cisco,Webex Share Link
Cisco,Xtended Services
Cisco,catalyst control center
Cisco,cisco ISE
Cisco,cisco ironport email
Cisco,finesse
Cisco,iNode Manager
Cisco,unified ccx
Cisco,unified customer voice portal
Cisco,vBond
Cisco,vBond Orchestrator
Cisco,vBond Orchestrator Software
Cisco,vEdge
Cisco,vEdge Cloud Router
Cisco,vEdge Router
Cisco,vManage
Cisco,vManage Network Management
Cisco,vManage Software
Cisco,vSmart
Cisco,vSmart Controller
Cisco,vSmart Controller Software
Citrix,Application Delivery Controller
Citrix,NDcPP
Citrix,NetScaler
Citrix,NetScaler ADC
Citrix,NetScaler ADC FIPS
Citrix,NetScaler ADC NDcPP
Citrix,NetScaler Gateway
Citrix,Netscaler
Citrix,Netscaler Gateway
Citrix,Session Recording
Citrix,ShareFile
Citrix,XenCenter
Citrix,netscaler gateway
Claris,filemaker server
Cleo,Harmony
Cleo,LexiCom
Cleo,VBTrader
Codesys,Automation Server
Codesys,CODESYS
Codesys,CODESYS Control
Codesys,CODESYS Control RTE
Codesys,CODESYS Control Win
Codesys,CODESYS Embedded Target Visu Toolkit
Codesys,CODESYS Gateway
Codesys,CODESYS HMI
Codesys,CODESYS Remote Target Visu Toolkit
Codesys,CODESYS Runtime Toolkit
Codesys,CODESYS Virtual Control SL
Codesys,CODESYS Visualization
Codesys,Control V3 Runtime System Toolkit
Codesys,Development System
Codesys,Development System V3
Codesys,Development System setup
Codesys,Edge Gateway for Linux
Codesys,Edge Gateway for Windows
Codesys,Gateway
Codesys,HMI SL
Codesys,OPC Server
Codesys,PLCHandler
Codesys,PLCWinNT
Codesys,Runtime Toolkit
Codesys,SP Realtime NT
Codesys,Web Server
Cognex,In-Sight Explorer
Commvault,Commvault
Commvault,web server
ConnectWise,ScreenConnect
Craft CMS,Craft
Craft CMS,Craft CMS
CrushFTP,CrushFTP
CyberPanel,CyberPanel
CyberPower,PowerPanel
CyberPower,PowerPanel Business
Danfoss,Danfoss AK-SM 8
Dario,Dario Application Database and Internet-based Server
Dario,USB-C Blood Glucose Monitoring System
Dassault Systems,DELMIA Apriso
David Madore,ftpd-bsd
Debian,bash
Debian,sudo
Dell,Dell OpenManage Server Administrator
Dell,OpenManage Server Administrator
Dell,RecoverPoint for Virtual Machines
Dell,iDRAC8
Delta Electronics,ASDA_Soft
Delta Electronics,CNCSoft
Delta Electronics,CNCSoft-G2
Delta Electronics,COMMGR
Delta Electronics,DIAEnergie
Delta Electronics,DIAScreen
Delta Electronics,DIAView
Delta Electronics,DOPSoft
Delta Electronics,DRASimuCAD
Delta Electronics,DTM Soft
Delta Electronics,EIP Builder
Delta Electronics,ISPSoft
Delta Electronics,InfraSuite Device Master
Delta Electronics,asda soft
Docker,Docker Desktop
Dorsett Controls,InfoScan
Draeger,Core
Draeger,M540 Convertor Service
Draeger,Protector
Draeger,Vista 120 CMS
DrayTek,VigorConnect
Eaton Automation,9000x programing and configuration
Eaton Automation,ELCSoft
Eaton Automation,Eaton Intelligent Power Manager
Eaton Automation,Eaton Intelligent Power Manager Virtual Appliance
Eaton Automation,Eaton Intelligent Power Protector
Eaton Automation,Foreseer
Eaton Automation,Halo Home
Eaton Automation,Intelligent Power Manager
Eaton Automation,Intelligent Power Manager Infrastructure
Eaton Automation,Intelligent Power Protector
Eaton Automation,Secure Connect Android Mobile app
Eaton Automation,UPS Companion
Eaton Automation,easySoft
Eaton Electrical,9000x programing and configuration
Eaton Electrical,ELCSoft
Eaton Electrical,Eaton Intelligent Power Manager
Eaton Electrical,Eaton Intelligent Power Manager Virtual Appliance
Eaton Electrical,Eaton Intelligent Power Protector
Eaton Electrical,Foreseer
Eaton Electrical,Halo Home
Eaton Electrical,Intelligent Power Manager
Eaton Electrical,Intelligent Power Manager Infrastructure
Eaton Electrical,Intelligent Power Protector
Eaton Electrical,Secure Connect Android Mobile app
Eaton Electrical,UPS Companion
Eaton Electrical,easySoft
Eaton,9000x programing and configuration
Eaton,ELCSoft
Eaton,Eaton Intelligent Power Manager
Eaton,Eaton Intelligent Power Manager Virtual Appliance
Eaton,Eaton Intelligent Power Protector
Eaton,Foreseer
Eaton,Halo Home
Eaton,Intelligent Power Manager
Eaton,Intelligent Power Manager Infrastructure
Eaton,Intelligent Power Protector
Eaton,Secure Connect Android Mobile app
Eaton,UPS Companion
Eaton,easySoft
EisBaer,SCADA
Elastic NV,kibana
Elseta,Vinci
Embedthis,GoAhead
Emerson,Appleton UPSMON-PRO
Emerson,Environet
Emerson,OpenBSI
Emerson,OpenEnterprise
Emerson,OpenEnterprise Server
Emerson,PAC Machine Edition
Emerson,Proficy Machine Edition
Emerson,ValveLink
Emulex,Emulex Network Adapter
Emulex,Emulex Network Adapter Drivers
EnOcean,SmartServer
Endress + Hauser,Endress+Hauser Echo Curve Viewer
Endress + Hauser,Endress+Hauser FieldCare SFE500
Endress + Hauser,Field Xpert SMT50
Endress + Hauser,Field Xpert SMT70
Endress + Hauser,Field Xpert SMT77
Endress + Hauser,Field Xpert SMT79
Ericsson,Erlang OTP
Exim,Exim
F5 Networks,BIG-IP AFM
F5 Networks,BIG-IP APM
F5 Networks,BIG-IP ASM
F5 Networks,BIG-IP Advanced WAF/ASM
F5 Networks,BIG-IP Next CNF
F5 Networks,BIG-IP Next Central Manager
F5 Networks,BIG-IP Next SPK
F5 Networks,BIG-IP Next for Kubernetes
F5 Networks,BIG-IP PEM
F5 Networks,BIG-IP SSL Orchestrator
F5 Networks,F5OS-A
F5 Networks,F5OS-C
F5 Networks,NGINX App Protect WAF
F5 Networks,NGINX Open Source
F5 Networks,NGINX Plus
F5 Networks,SSL Orchestrator
F5 Networks,nginx-plus
Fanuc Robotics,FANUC ROBOGUIDE
Fanuc Robotics,FANUC ROBOGUIDE-HandlingPRO
Festo,Automation Suite
Festo,CIROS Education
Festo,CIROS Studio
Festo,CoDeSys
Festo,FluidDraw 365
Festo,FluidDraw p6
Festo,FluidSIM
Festo,FluidSIM 5
Festo,FluidSIM 6
Festo,LX Appliance
Festo,Software Compact Vision System SBO-Q
Festo,Software Control block CPX-CEC
Festo,Software Control block CPX-CEC-C1
Festo,Software Control block CPX-CEC-C1-V3
Festo,Software Control block CPX-CEC-M1
Festo,Software Control block CPX-CEC-M1-V3
Festo,Software Control block CPX-CEC-S1-V3
Festo,Software Control block CPX-CMXX
Festo,Software Controller CECC-D
Festo,Software Controller CECC-D-BA
Festo,Software Controller CECC-D-CS
Festo,Software Controller CECC-LK
Festo,Software Controller CECC-S
Festo,Software Controller CECC-X-M1
Festo,Software Controller CECC-X-M1-MV
Festo,Software Controller CECC-X-M1-S1
Festo,Software Controller CECX-X-C1
Festo,Software Controller CECX-X-M1
Festo,Software Controller CPX-E-CEC-C1
Festo,Software Controller CPX-E-CEC-C1-EP
Festo,Software Controller CPX-E-CEC-C1-PN
Festo,Software Controller CPX-E-CEC-M1
Festo,Software Controller CPX-E-CEC-M1-EP
Festo,Software Controller CPX-E-CEC-M1-PN
Festo,Software Controller FED-CEC
Festo,Software Operator unit CDPX-X-A-S-10
Festo,Software Operator unit CDPX-X-A-W-13
Festo,Software Operator unit CDPX-X-A-W-4
Festo,Software Operator unit CDPX-X-A-W-7
Festo,Software Operator unit CDPX-X-E1-W-10
Festo,Software Operator unit CDPX-X-E1-W-15
Festo,Software Operator unit CDPX-X-E1-W-7
Forta,GoAnywhere
Fortinet,FortiADC
Fortinet,FortiAnalyzer
Fortinet,FortiAnalyzer Cloud
Fortinet,FortiAnalyzer-BigData
Fortinet,FortiAuthenticator
Fortinet,FortiCamera
Fortinet,FortiClient
Fortinet,FortiClient Cloud
Fortinet,FortiClient EMS
Fortinet,FortiClient Endpoint Management Server
Fortinet,FortiClient Enterprise Management Server
Fortinet,FortiClientEMS
Fortinet,FortiDDoS-F
Fortinet,FortiDevSec
Fortinet,FortiEDR
Fortinet,FortiMail
Fortinet,FortiManager
Fortinet,FortiManager 6.2
Fortinet,FortiManager 6.4
Fortinet,FortiManager 7.0
Fortinet,FortiManager 7.2
Fortinet,FortiManager 7.4
Fortinet,FortiManager 7.6
Fortinet,FortiManager Cloud
Fortinet,FortiManager Cloud 6.4
Fortinet,FortiManager Cloud 7.0
Fortinet,FortiManager Cloud 7.2
Fortinet,FortiManager Cloud 7.4
Fortinet,FortiNAC
Fortinet,FortiNAC-F
Fortinet,FortiNDR
Fortinet,FortiOS
Fortinet,FortiPAM
Fortinet,FortiProxy
Fortinet,FortiRecorder
Fortinet,FortiSIEM
Fortinet,FortiSOAR
Fortinet,FortiSOAR PaaS
Fortinet,FortiSOAR on-premise
Fortinet,FortiSandBox
Fortinet,FortiSandbox Cloud
Fortinet,FortiSandbox PaaS
Fortinet,FortiSwitch
Fortinet,FortiSwitch Manager
Fortinet,FortiSwitchManager
Fortinet,FortiVoice
Fortinet,FortiWeb
Fortinet,forticlientems
Fortra,GoAnywhere
Foxit,PDF Reader
Fresenius,Home Bridge
Fresenius,IDMS
Fresenius,Infrastructure Data Management Systems
Fresenius,Ivenix LVP
Fresenius,Remote Service
Fuji Electric,FRENIC-Loader 4
Fuji Electric,Monitouch VSFT
Fuji Electric,Smart Editor
Fuji Electric,Tellus
Fuji Electric,Tellus Lite
Fuji Electric,Tellus Lite V-Simulator
Fuji Electric,V-Server Lite
Fujifilm,Synapse Mobility
GDCM,GDCM
GE,APM
GE,CIMPLICITY
GE,CSense
GE,Cloud Manufacturing Execution System
GE,Digital iFIX
GE,EchoPAC Software Only
GE,EchoPAC TurnKey
GE,EnerVista UR Setup
GE,GEMNet
GE,HMI/SCADA iFix
GE,Historian
GE,IGS
GE,Manufacturing Data Cloud
GE,Manufacturing Data Cloud Edge Components
GE,Operations Hub
GE,Proficy Historian
GE,Proficy Plant Applications Enterprise Web Client
GE,Proficy Plant Applications Web Client
GE,ToolBoxST
GE,asset_performance_management_classic
GE,iFIX
GE,workstationst
GNU,InetUtils
GeoSolutions Group,JAI-EXT
GitLab,GitLab
GitLab,GitLab CE
GitLab,GitLab CE/EE
GitLab,GitLab EE
GitLab,gitlab-ce
GitLab,gitlab-ee
Gladinet,CentreStack
Gladinet,Triofox
GlavSoft LLC.,TightVNC
Google,Android
Google,Chrome
Google,Zimbra
Google,Zimbra Collaboration Suite
Google,chrome
Grafana Labs,Grafana
Grassroots,DICOM
Grassroots,GDCM
Grassroots,SimpleITK
Grassroots,medInria
Hakko,Tellus Lite
Hewlett-Packard Enterprise,HPE OneView
Hikvision,HikCentral Professional
Hikvision,Hikvision Integrated Security Management Platform
Hill-Rom,Connex Health Portal
Hill-Rom,SDK
Hill-Rom,Service Tool
Hirschmann,HiFusion
Hirschmann,HiLCOS
Hirschmann,HiOS
Hirschmann,HiView
Hirschmann,Industrial HiVision
Hirschmann,Provize Basic
Hirschmann,Provize Suite
Hitachi Energy,Asset Suite
Hitachi Energy,Ellipse
Hitachi Energy,FOX61x
Hitachi Energy,FOXCST
Hitachi Energy,FOXMAN-UN
Hitachi Energy,MACH GWS
Hitachi Energy,MACH SCM
Hitachi Energy,MACH SCM Tools
Hitachi Energy,MSM
Hitachi Energy,RTU500 Scripting interface
Hitachi Energy,Service Suite
Hitachi Energy,SuprOS
Hitachi Energy,TRMTracker
Hitachi Energy,UNEM
Hitachi,Analytics probe server
Hitachi,Analyzer detail view server
Hitachi,Analyzer probe server
Hitachi,Application Server
Hitachi,Application Server for Developers
Hitachi,Asset Suite
Hitachi,Asset Suite AnyWhere for Inventory
Hitachi,Automation Director
Hitachi,Configuration Manager
Hitachi,Cosminexus
Hitachi,Cosminexus Application
Hitachi,Cosminexus Client
Hitachi,Cosminexus Developer
Hitachi,Cosminexus Developer's Kit for Java
Hitachi,Cosminexus HTTP Server
Hitachi,Cosminexus Primary Operator for Service
Hitachi,Cosminexus Primary Server
Hitachi,Cosminexus Service
Hitachi,Cosminexus V11
Hitachi,Cosminexus V9
Hitachi,Device Manager
Hitachi,Dynamic Link Manager
Hitachi,Global Link Manager
Hitachi,Hitachi Application Server
Hitachi,Hitachi Application Server for Developers
Hitachi,Hitachi Automation Director
Hitachi,Hitachi Compute Systems Manager
Hitachi,Hitachi Configuration Manager
Hitachi,Hitachi Device Manager
Hitachi,Hitachi Dynamic Link Manager
Hitachi,Hitachi Global Link Manager
Hitachi,Hitachi Infrastructure Analytics Advisor
Hitachi,Hitachi Ops Center
Hitachi,Hitachi Ops Center API Configuration Manager
Hitachi,Hitachi Ops Center Administrato
Hitachi,Hitachi Ops Center Administrator
Hitachi,Hitachi Ops Center Analyzer
Hitachi,Hitachi Ops Center Analyzer viewpoint
Hitachi,Hitachi Ops Center Automator
Hitachi,Hitachi Ops Center Common Service
Hitachi,Hitachi Ops Center Common Services
Hitachi,Hitachi Ops Center Viewpoint
Hitachi,Hitachi Replication Manager
Hitachi,Hitachi Tiered Storage Manager
Hitachi,Hitachi Tuning Manager
Hitachi,Hitachi Tuning Manager - Agent for NAS
Hitachi,Hitachi Tuning Manager - Agent for Network Attached Storage
Hitachi,Hitachi Tuning Manager - Agent for RAID
Hitachi,Hitachi Tuning Manager - Agent for SAN Switch
Hitachi,Hitachi Tuning Manager server
Hitachi,Hitachi Web Server
Hitachi,Host Data Collector
Hitachi,Infrastructure Analytics Advisor
Hitachi,JP1/Automatic Operation
Hitachi,JP1/Data Highway - Server
Hitachi,JP1/Data Highway - Server Starter Edition
Hitachi,JP1/IT Desktop Management
Hitachi,JP1/IT Desktop Management - Manager
Hitachi,JP1/IT Desktop Management 2
Hitachi,JP1/IT Desktop Management 2 - Manager
Hitachi,JP1/IT Desktop Management 2 - Operations Director
Hitachi,JP1/ITDM2-SDM
Hitachi,JP1/Operations Analytics
Hitachi,Job Management Partner 1/IT Desktop Management - Manager
Hitachi,Job Management Partner 1/IT Desktop Management 2 - Manager
Hitachi,Ops Center API Configuration Manager
Hitachi,Ops Center Administrator
Hitachi,Ops Center Analyzer
Hitachi,Ops Center Analyzer viewpoint
Hitachi,Ops Center Analyzer viewpoint OVF
Hitachi,Ops Center Automator
Hitachi,Ops Center Common Services
Hitachi,Ops Center Viewpoint
Hitachi,PCM600
Hitachi,RAID Agent
Hitachi,Replication Manager
Hitachi,SDM600
Hitachi,Tiered Storage Manager
Hitachi,Tuning Manager
Hitachi,Tuning Manager - Agent for NAS
Hitachi,Tuning Manager - Agent for RAID
Hitachi,Tuning Manager - Agent for SAN Switch
Hitachi,Viewpoint
Hitachi,Viewpoint RAID Agent
Hitachi,Viewpoint data center proxy
Hitachi,Virtual Storage Platform
Hitachi,Virtual Storage Platform 5
Hitachi,Virtual Storage Software Agent
Hitachi,uCosminexus Application Runtime
Hitachi,uCosminexus Application Runtime with Java for Apache Tomcat
Hitachi,uCosminexus Application Runtime with Java for Spring Boot
Hitachi,uCosminexus Application Server
Hitachi,uCosminexus Application Server-R
Hitachi,uCosminexus Client
Hitachi,uCosminexus Developer
Hitachi,uCosminexus Operator for Service Platform
Hitachi,uCosminexus Primary Server Base
Hitachi,uCosminexus Service Architect
Hitachi,uCosminexus Service Platform
Honeywell,C300
Honeywell,Experion LX
Honeywell,Experion PKS
Honeywell,Experion PlantCruise
Honeywell,INNControl 3
Honeywell,Matrikon
Honeywell,SoftMaster
Honeywell,Voice Console
Honeywell,WIN-PAK
Horner Automation,Cscape
Hughes Network,WL3000 Fusion
IADGOV,GRASSMARLIN
IBA,ibaPDA
IBM,AIX
IBM,App Connect Enterprise Certified Container
IBM,FreeType
IBM,IBM WebSphere Application Server
IBM,VIOS
IBM,WebSphere Automation
IBM,sudo
ICONICS,AnalytiX
ICONICS,GENESIS
ICONICS,GENESIS32
ICONICS,GENESIS64
ICONICS,Hyper Historian
ICONICS,ICONICS
ICONICS,ICONICS AnalytiX
ICONICS,ICONICS BizViz
ICONICS,ICONICS GENESIS32
ICONICS,ICONICS GENESIS64
ICONICS,ICONICS Hyper Historian
ICONICS,ICONICS Hyper Historian Collector
ICONICS,ICONICS IoTWorX
ICONICS,ICONICS MobileHMI
ICONICS,ICONICS Multimedia Alarming
ICONICS,ICONICS Suite
ICONICS,ICONICS Workbench
ICONICS,IoTWorX
ICONICS,MC Works64
ICONICS,MobileHMI
ICONICS,Suite
IDEC Corporation,WindLDR
IDEC Corporation,WindO/I-NV4
IIT,Reacts
INFINITT,PACS
Iagona,ScrutisWeb
Idis,ICM Viewer
Ignite Realtime,Openfire
Igor Pavlov,7-Zip
ImageMagick,ImageMagick
Inductive Automation,Ignition
Industrial Control Links,ScadaFlex
Inosoft,VisiWin 7
Intel,Chipset Device Software
Intel,Intel(R) Chipset Device Software
Intel,System Usage Report
Intrado,911 Emergency Gateway
Intrado,EGW
Intrado,Emergency Gateway
Ivanti,Cloud Services Appliance
Ivanti,Cloud Services Application
Ivanti,Connect Secure
Ivanti,EPMM
Ivanti,Endpoint Manager
Ivanti,Endpoint Manager Mobile
Ivanti,Ivanti Application Control
Ivanti,Ivanti Avalanche
Ivanti,Ivanti Connect Secure
Ivanti,Ivanti End Point Management
Ivanti,Ivanti Endpoint Manager
Ivanti,Ivanti Neurons for ITSM
Ivanti,Ivanti Policy Secure
Ivanti,Ivanti Secure Access Client
Ivanti,Ivanti Security Controls
Ivanti,Ivanti Virtual Traffic Manager
Ivanti,Ivanti epm
Ivanti,Neurons for Secure Access
Ivanti,Neurons for ZTA
Ivanti,Policy Secure
Ivanti,Pulse Connect Secure
Ivanti,Sentry
Ivanti,Standalone Sentry
Ivanti,ZTA Gateways
Ivanti,endpoint manager mobile
Ivanti,pulse application launcher
JAVS,JVS Viewer
Janitza,GridVis
Jenkins,Jenkins
Jenkins,Jenkins LTS
JetBrains,JetBrains
JetBrains,JetBrains TeamCity
JetBrains,TeamCity
Johnson Controls,AC2000
Johnson Controls,American Dynamics victor Video Management
Johnson Controls,American Dynamics victor Web Client
Johnson Controls,C CURE 9000
Johnson Controls,C CURE Web Client
Johnson Controls,CEVAS
Johnson Controls,Controller Configuration Tool
Johnson Controls,Entrapass
Johnson Controls,Johnson Controls - Controller Configuration Tool
Johnson Controls,Johnson Controls - Metasys System Configuration Tool
Johnson Controls,Kantech EntraPass Corporate Edition
Johnson Controls,Kantech EntraPass Editions
Johnson Controls,Kantech EntraPass Global Edition
Johnson Controls,MRE
Johnson Controls,Metasys ADS
Johnson Controls,Metasys ADX
Johnson Controls,Metasys Controller Configuration Tool
Johnson Controls,Metasys MVE
Johnson Controls,Metasys OAS
Johnson Controls,Metasys ODS
Johnson Controls,Metasys UL/cUL 864 UUKL 10th Edition
Johnson Controls,NxE25
Johnson Controls,NxE35
Johnson Controls,NxE45
Johnson Controls,ODS
Johnson Controls,OpenBlue Enterprise Manager
Johnson Controls,OpenBlue Workplace Mobile Web
Johnson Controls,PowerManage
Johnson Controls,SCT
Johnson Controls,SCT Pro
Johnson Controls,System Configuration Tool
Johnson Controls,VideoEdge
Johnson Controls,airCloud
Johnson Controls,exacqVision Client
Johnson Controls,exacqVision Enterprise Manager
Johnson Controls,exacqVision Server
Johnson Controls,exacqVision Web Service
Johnson Controls,iSTAR Configuration Utility
Johnson Controls,metasys server
Johnson Controls,victor
Joomla,Joomla
Jtekt Electronics,Kostac PLC
Juniper Networks,ScreenOS
Juniper Networks,Session Smart Conductor
Juniper Networks,Session Smart Router
Kentico,Kentico Xperience
Kentico,Xperience
Kepware,KEPServerEX 6
Kepware,KepServerEX
Keysight Technologies,Geolocation Server
Keysight Technologies,Ixia Vision
Kibana,Kibana
Kingsoft,WPS Office
Korenix Technologies,2111
Korenix Technologies,2111L
Korenix Technologies,2112S
Korenix Technologies,2114
Korenix Technologies,2211C
Korenix Technologies,2212G
Korenix Technologies,2212X
Korenix Technologies,2411
Korenix Technologies,2411L
Korenix Technologies,2414
Korenix Technologies,2424
Korenix Technologies,2460
Korenix Technologies,3220 V3
Korenix Technologies,3420 V3
Korenix Technologies,4221 HP-E
Kubernetes,ingress-nginx
LCDS,LAquis SCADA
LONAP,MRLG
Langflow,langflow
Lantronix,Device Installer
Lantronix,Provisioning Manager
Laravel,Ignition
Laurel Bridge,DCF
Libraesva,ESG
Libraesva,Email Security Gateway
Liebert,Environet
Liebert,Multilink
Liebert,SiteScan
Linux,Kernel
Linux,Linux Kernel
Linux,bash
Linux,linux kernel for linux
Linux,netfilter
Linux,sudo
Linux,telnet
MAXHUB,Pivot
MB Connect Line Fernwartungssysteme,REX 200
MB Connect Line Fernwartungssysteme,REX 250
MB Connect Line Fernwartungssysteme,mbCONNECT24
MB Connect Line Fernwartungssysteme,mbNET
MB Connect Line Fernwartungssysteme,myREX24
MDT Software,A4SP
MDT Software,MDT AutoSave
MDaemon,Email Server
MICROSENS,NMP Web+
MariaDB,MariaDB
Marimo,marimo
MatrikonOPC,Matrikon OPC UA Tunneller
Medixant,RadiAnt DICOM Viewer
MegaSys Computer Technologies,Telenium Online Web
Mendix,Mendix
Mendix,Mendix Runtime
Mendix,Runtime
Mendix,mendix
Meta,react-native-community/cli
Meta,react-server-dom-parcel
Meta,react-server-dom-turbopack
Meta,react-server-dom-webpack
MicroDicom,MicroDicom DICOM Viewer
MicroDicom,MicroDicom DICOM viewer
Microsoft,.NET
Microsoft,365 Apps for Enterprise
Microsoft,Azure Automation State Configuration
Microsoft,Azure Automation Update Management
Microsoft,Azure Diagnostics (LAD)
Microsoft,Azure Kubernetes Service Confidential Containers
Microsoft,Azure Security Center
Microsoft,Azure Sentinel
Microsoft,Azure Stack Hub
Microsoft,Confluence SAML SSO Plugin
Microsoft,Confluence SAML Single-Sign-On Plugin
Microsoft,Container Monitoring Solution
Microsoft,Edge
Microsoft,Entra Jira SSO Plugin
Microsoft,Entra Jira Single-Sign-On Plugin
Microsoft,Excel 2000
Microsoft,Excel 2002
Microsoft,Excel 2003
Microsoft,Excel 2007
Microsoft,Excel Viewer 2003
Microsoft,Exchange Server 2013
Microsoft,Exchange Server 2016
Microsoft,Exchange Server 2019
Microsoft,GitHub Copilot Plugin for JetBrains IDEs
Microsoft,HEVC
Microsoft,Internet Explorer
Microsoft,Log Analytics Agent
Microsoft,Managed Windows Defender
Microsoft,Microsoft 365
Microsoft,Microsoft 365 Apps for Enterprise
Microsoft,Microsoft Azure Site Recovery
Microsoft,Microsoft Configuration Manager
Microsoft,Microsoft Entra Jira Single-Sign-On Plugin
Microsoft,Microsoft Excel 2000
Microsoft,Microsoft Excel 2004
Microsoft,Microsoft Excel XP
Microsoft,Microsoft Exchange Server 2010 Service Pack 3 Update Rollup 30
Microsoft,Microsoft Exchange Server 2013 Cumulative Update 23
Microsoft,Microsoft Exchange Server 2016
Microsoft,Microsoft Exchange Server 2016 Cumulative Update 1
Microsoft,Microsoft Exchange Server 2016 Cumulative Update 10
Microsoft,Microsoft Exchange Server 2016 Cumulative Update 11
Microsoft,Microsoft Exchange Server 2016 Cumulative Update 12
Microsoft,Microsoft Exchange Server 2016 Cumulative Update 13
Microsoft,Microsoft Exchange Server 2016 Cumulative Update 14
Microsoft,Microsoft Exchange Server 2016 Cumulative Update 15
Microsoft,Microsoft Exchange Server 2016 Cumulative Update 16
Microsoft,Microsoft Exchange Server 2016 Cumulative Update 17
Microsoft,Microsoft Exchange Server 2016 Cumulative Update 18
Microsoft,Microsoft Exchange Server 2016 Cumulative Update 19
Microsoft,Microsoft Exchange Server 2016 Cumulative Update 2
Microsoft,Microsoft Exchange Server 2016 Cumulative Update 20
Microsoft,Microsoft Exchange Server 2016 Cumulative Update 21
Microsoft,Microsoft Exchange Server 2016 Cumulative Update 22
Microsoft,Microsoft Exchange Server 2016 Cumulative Update 23
Microsoft,Microsoft Exchange Server 2016 Cumulative Update 3
Microsoft,Microsoft Exchange Server 2016 Cumulative Update 4
Microsoft,Microsoft Exchange Server 2016 Cumulative Update 5
Microsoft,Microsoft Exchange Server 2016 Cumulative Update 6
Microsoft,Microsoft Exchange Server 2016 Cumulative Update 7
Microsoft,Microsoft Exchange Server 2016 Cumulative Update 8
Microsoft,Microsoft Exchange Server 2016 Cumulative Update 9
Microsoft,Microsoft Exchange Server 2019
Microsoft,Microsoft Exchange Server 2019 Cumulative Update 1
Microsoft,Microsoft Exchange Server 2019 Cumulative Update 10
Microsoft,Microsoft Exchange Server 2019 Cumulative Update 11
Microsoft,Microsoft Exchange Server 2019 Cumulative Update 12
Microsoft,Microsoft Exchange Server 2019 Cumulative Update 13
Microsoft,Microsoft Exchange Server 2019 Cumulative Update 14
Microsoft,Microsoft Exchange Server 2019 Cumulative Update 15
Microsoft,Microsoft Exchange Server 2019 Cumulative Update 2
Microsoft,Microsoft Exchange Server 2019 Cumulative Update 3
Microsoft,Microsoft Exchange Server 2019 Cumulative Update 4
Microsoft,Microsoft Exchange Server 2019 Cumulative Update 5
Microsoft,Microsoft Exchange Server 2019 Cumulative Update 6
Microsoft,Microsoft Exchange Server 2019 Cumulative Update 7
Microsoft,Microsoft Exchange Server 2019 Cumulative Update 8
Microsoft,Microsoft Exchange Server 2019 Cumulative Update 9
Microsoft,Microsoft Exchange Server Subscription Edition
Microsoft,Microsoft Exchange Server Subscription Edition RTM
Microsoft,Microsoft Office 2003 Service Pack 3
Microsoft,Microsoft Office 2007 Service Pack 2
Microsoft,Microsoft Office 2007 Service Pack 3
Microsoft,Microsoft Office 2010 Service Pack 1
Microsoft,Microsoft Office 2016 (32-bit edition)
Microsoft,Microsoft Office 2019
Microsoft,Microsoft Office 2019 for 32-bit editions
Microsoft,Microsoft Office 2019 for 64-bit editions
Microsoft,Microsoft Office Excel 2003
Microsoft,Microsoft Office Home and Business 2019
Microsoft,Microsoft Office Home and Student 2019
Microsoft,Microsoft Office LTSC
Microsoft,Microsoft Office LTSC 2021
Microsoft,Microsoft Office LTSC 2021 for 32-bit editions
Microsoft,Microsoft Office LTSC 2021 for 64-bit editions
Microsoft,Microsoft Office LTSC 2024
Microsoft,Microsoft Office LTSC Professional Plus 2021
Microsoft,Microsoft Office LTSC Standard 2021
Microsoft,Microsoft Office LTSC Standard 2024
Microsoft,Microsoft Office Profesional Plus 2019
Microsoft,Microsoft Office Professional 2019
Microsoft,Microsoft Office Publisher 2016
Microsoft,Microsoft Office Standard 2019
Microsoft,Microsoft Project 2016
Microsoft,Microsoft Project Professional 2016
Microsoft,Microsoft Project Standard 2016
Microsoft,Microsoft Publisher 2016
Microsoft,Microsoft SQL Server 2012
Microsoft,Microsoft SQL Server 2014
Microsoft,Microsoft SQL Server 2016
Microsoft,Microsoft SharePoint Enterprise Server 2016
Microsoft,Microsoft SharePoint Server 2019
Microsoft,Microsoft SharePoint Server Subscription Edition
Microsoft,Office 2003
Microsoft,Office 2007
Microsoft,Office 2010
Microsoft,Office 2016
Microsoft,Open Management Infrastructure
Microsoft,Partner Center
Microsoft,PowerPoint 2000
Microsoft,PowerPoint 2002
Microsoft,PowerPoint 2003
Microsoft,PowerPoint 2004
Microsoft,SCOM
Microsoft,SQL Server 2016 Service Pack 3 Azure
Microsoft,SQL Server 2016 Service Pack 3 GDR
Microsoft,SQL Server 2017 CU31
Microsoft,SQL Server 2017 GDR
Microsoft,SQL Server 2019 CU32
Microsoft,SQL Server 2022 CU23
Microsoft,SQL Server 2022 GDR
Microsoft,SQL Server 2025 CU2
Microsoft,SQL Server 2025 GDR
Microsoft,SharePoint Enterprise Server 2016
Microsoft,SharePoint Foundation 2013
Microsoft,SharePoint Server 2010
Microsoft,SharePoint Server 2013
Microsoft,SharePoint Server 2019
Microsoft,SharePoint Server Subscription Edition
Microsoft,Skype
Microsoft,System Center Operations Manager
Microsoft,System Center Operations Manager (SCOM) 2019
Microsoft,System Center Operations Manager (SCOM) 2022
Microsoft,Video ActiveX
Microsoft,Visual Basic for Applications
Microsoft,Windows Admin Center
Microsoft,Word
Microsoft,Wordpad
Microsoft,edge chromium-based
Microsoft,edge updater
Microsoft,microsoft office home and student 2019
Microsoft,microsoft office standard 2019
Microsoft,project 2016
Microsoft,sharepoint server
Microsoft,streaming service
MinIO,MinIO
Mitel,MiCollab
Mitsubishi,AnalytiX
Mitsubishi,AppPortal
Mitsubishi,C Controller Interface Module Utility
Mitsubishi,C Controller Interface Module utility
Mitsubishi,C Controller Module Setting and Monitoring Tool
Mitsubishi,CC-Link IE Control Network Data Collector
Mitsubishi,CC-Link IE Controller Network Interface Board software package
Mitsubishi,CC-Link IE Field Network Data Collector
Mitsubishi,CC-Link IE Field Network Interface Board software package
Mitsubishi,CC-Link IE TSN Industrial Managed Switch
Mitsubishi,CC-Link System Master/Local Interface Board software package
Mitsubishi,CPU Module Logging Configuration Tool
Mitsubishi,CW Configurator
Mitsubishi,Data Transfer
Mitsubishi,Data Transfer Classic
Mitsubishi,EZSocket
Mitsubishi,Easysocket
Mitsubishi,EeasySocket
Mitsubishi,Energy Saving Data Collecting Server (EcoWebServerIII)
Mitsubishi,Ezsocket
Mitsubishi,FCSB1224
Mitsubishi,FR Configurator
Mitsubishi,FR Configurator SW3
Mitsubishi,FR Configurator2
Mitsubishi,FREQSHIP-mini for Windows
Mitsubishi,FX5-OPC
Mitsubishi,GENESIS
Mitsubishi,GENESIS64
Mitsubishi,GOT2000
Mitsubishi,GT Designer2 Classic
Mitsubishi,GT Designer3
Mitsubishi,GT Designer3 (GOT 1000)
Mitsubishi,GT Designer3 (GOT 2000)
Mitsubishi,GT Designer3 (GOT1000)
Mitsubishi,GT Designer3 (GOT2000)
Mitsubishi,GT Designer3 Version1
Mitsubishi,GT Designer3 Version1 (GOT1000)
Mitsubishi,GT Designer3 Version1 (GOT2000)
Mitsubishi,GT SoftGOT 2000
Mitsubishi,GT SoftGOT1000
Mitsubishi,GT SoftGOT1000 Version3
Mitsubishi,GT SoftGOT2000
Mitsubishi,GT SoftGOT2000 Version1
Mitsubishi,GX Configurator-DP
Mitsubishi,GX Configurator-QP
Mitsubishi,GX Developer
Mitsubishi,GX Explorer
Mitsubishi,GX IEC Developer
Mitsubishi,GX LogViewer
Mitsubishi,GX RemoteService-I
Mitsubishi,GX Works2
Mitsubishi,GX Works3
Mitsubishi,Hyper Historian
Mitsubishi,ICONICS
Mitsubishi,MC Works64
Mitsubishi,MELFA-Works
Mitsubishi,MELSEC WinCPU Setting Utility
Mitsubishi,MELSECNET/H Interface Board software package
Mitsubishi,MELSOFT Complete Clean Up Tool
Mitsubishi,MELSOFT EM Software Development Kit
Mitsubishi,MELSOFT EM Software Development Kit (EM Configurator)
Mitsubishi,MELSOFT FieldDeviceConfigurato
Mitsubishi,MELSOFT FieldDeviceConfigurator
Mitsubishi,MELSOFT GT OPC UA Client
Mitsubishi,MELSOFT MC Works64
Mitsubishi,MELSOFT Navigator
Mitsubishi,MELSOFT Update Manager
Mitsubishi,MELSOFT iQ AppPortal
Mitsubishi,MH11 SettingTool Version2
Mitsubishi,MI Configurator
Mitsubishi,MILCO.S
Mitsubishi,MILCO.S Setting Application
Mitsubishi,MR Configurator
Mitsubishi,MR Configurator2
Mitsubishi,MR-MQ100
Mitsubishi,MRZJW3-MC2-UTL
Mitsubishi,MS Configurator
Mitsubishi,MT Works2
Mitsubishi,MTConnect Data Collector
Mitsubishi,MX Component
Mitsubishi,MX MESInterface
Mitsubishi,MX MESInterface-R
Mitsubishi,MX OPC Server
Mitsubishi,MX OPC Server DA/UA
Mitsubishi,MX OPC Server UA
Mitsubishi,MX OPC UA Module Configurator-R
Mitsubishi,MX Sheet
Mitsubishi,M_CommDTM-HART
Mitsubishi,M_CommDTM-IO-Link
Mitsubishi,MaiLab
Mitsubishi,Mitsubishi Electric CNC communication software runtime library
Mitsubishi,Mitsubishi Electric Numerical Control Device Communication Software
Mitsubishi,MobileHMI
Mitsubishi,Motion Control Setting
Mitsubishi,Motorizer
Mitsubishi,NC Analyzer
Mitsubishi,NC Analyzer2
Mitsubishi,NC Configurator2
Mitsubishi,NC Designer
Mitsubishi,NC Designer2
Mitsubishi,NC Explorer
Mitsubishi,NC Monitor
Mitsubishi,NC Monitor2
Mitsubishi,NC Trainer
Mitsubishi,NC Trainer plus
Mitsubishi,NC Trainer2
Mitsubishi,NC Trainer2 plus
Mitsubishi,NC Virtual Simulator
Mitsubishi,NC Visualizer
Mitsubishi,Navigator
Mitsubishi,Network Interface Board CC IE Control Utility
Mitsubishi,Network Interface Board CC IE Control utility
Mitsubishi,Network Interface Board CC IE Field Utility
Mitsubishi,Network Interface Board CC-Link Ver.2 Utility
Mitsubishi,Network Interface Board MNETH Utility
Mitsubishi,Network Interface Board MNETH utility
Mitsubishi,OPC UA Data Collector
Mitsubishi,OPC UA Server Unit
Mitsubishi,PX Developer
Mitsubishi,Position Board utility 2
Mitsubishi,RT ToolBox2
Mitsubishi,RT ToolBox3
Mitsubishi,RT VisualBox
Mitsubishi,Remote Monitor Tool
Mitsubishi,SLMP Data Collector
Mitsubishi,SW0DNC-MNETH-B
Mitsubishi,SW1DNC-CCBD2-B
Mitsubishi,SW1DNC-CCIEF-B
Mitsubishi,SW1DNC-CCIEF-J
Mitsubishi,SW1DNC-MNETG-B
Mitsubishi,SW1DNC-QSCCF-B
Mitsubishi,SW1DND-EMSDK-B
Mitsubishi,SW3PVC-CCPU
Mitsubishi,SW4PVC-CCPU
Mitsubishi,Setting/monitoring tools for the C Controller module
Mitsubishi,SoftGOT2000
Molt,OpenClaw
MongoDB,mongodb
Moxa,IOadmin
Moxa,IOxpress
Moxa,MXView
Moxa,MXsecurity
Moxa,MXview Network Management
Moxa,MXview One
Moxa,MXview One Central Manager
Mozilla,Firefox
Mozilla,Mozilla FireFox
Mozilla,Mozilla Firefox
Mozilla,Mozilla Firefox ESR
Mozilla,Mozilla Thunderbird
Mozilla,SeaMonkey
Mozilla,Thunderbird
N-able,N-central
NAKIVO,NAKIVO Backup & Replication
NUUO,NVRmini
NUUO,NVRmini 2
National Instruments,Circuit Design Suite
National Instruments,LabVIEW
National Instruments,LabVIEW 2021
National Instruments,LabVIEW 2022
National Instruments,LabVIEW 2023
National Instruments,LabVIEW 2024
National Instruments,NI I/O Trace
National Instruments,NI LabVIEW
NetModule,NetModule
NetScaler,ADC
NetScaler,ADC FIPS
NetScaler,ADC NDcPP
NetScaler,Gateway
NetScaler,NDcPP
NetScaler,NetScalerGateway
NetSupport,NetSupport Manager
Netwrix,auditor
Newtonsoft,Json.NET
Newtonsoft,NuGet Package: Newtonsoft.Json
North Grid Corporation,Proself Enterprise
North Grid Corporation,Proself Gateway
North Grid Corporation,Proself Mail Sanitize
North Grid Corporation,Proself Standard
Notepad++ Team,Notepad++
Nozomi,CMC
Nozomi,Guardian
Nozomi,cmc
ODS,AVEVA Reports
ODS,Dream Report
OFFIS,DCMTK
OPC Foundation,UA Legacy Java
OSGeo,GeoServer
Omnissa,Workspace ONE UEM
Omron,Automation Software Sysmac Studio
Omron,CX-Motion
Omron,CX-Motion Pro
Omron,CX-One
Omron,CX-Programmer
Omron,CX-Server
Omron,CX-Supervisor
Omron,NB-Designer
Omron,Openwnn
Omron,SYSMAC-SE2
Omron,Smart Security Manager
Omron,WorldView
Open Automation Software,OAS
Open Automation Software,Open Automation Software
OpenBSD,OpenSSH
OpenEMR,OpenEMR
OpenPLC,OpenPLC
OpenPLC,ScadaBR
OpenSSL,OpenSSL
OpenSSL,openssl
Optigo Networks,Optigo Capture Tool
Opto 22,groov View Server for Windows
Oracle,Agile PLM Framework
Oracle,Coherence
Oracle,Concurrent Processing
Oracle,FreeType
Oracle,Fusion Middleware
Oracle,HTTP Server
Oracle,Identity Manager
Oracle,Java SE
Oracle,Oracle Configurator
Oracle,Oracle HTTP Server
Oracle,Oracle JDeveloper
Oracle,Oracle Marketing
Oracle,Oracle VM VirtualBox
Oracle,Oracle Web Services Manager
Oracle,Oracle WebLogic
Oracle,Oracle WebLogic Server Proxy Plug-in
Oracle,Product Lifecycle Management
Oracle,Web Services Manager
Oracle,WebLogic
Oracle,WebLogic Server
Oracle,WebLogic Server Proxy Plug-in
Oracle,Weblogic
Oracle,weblogic server
Orthanc,Orthanc
Orthanc,Osimis WebViewer
Ossur,Logic Mobile Application
Output Messenger,Output Messenger
Ovarro,TWinSoft
Owl Labs,Meeting Owl
Oxford Nanopore,MinKNOW
PTC,Codebeamer
PTC,Creo Elements
PTC,FlexPLM
PTC,GE Digital Industrial Gateway Server
PTC,GE Industrial Gateway Server
PTC,Industrial Connectivity
PTC,KEPServerEX
PTC,Kepware Edge
PTC,Kepware Server
PTC,OPC-Aggregator
PTC,Rockwell Automation KEPServer Enterprise
PTC,Software Toolbox TOP Server
PTC,TOP Server
PTC,ThingWorkx Kepware Edge
PTC,ThingWorx Kepware Server
PTC,Windchill PDMLink
PTC,codebeamer
PTC,opc-aggregator
Packet Power,EG
Packet Power,EMX
Paessler,PRTG Network Monitor
Palo Alto Networks,Expedition
Palo Alto Networks,PAN-OS
Palo Alto Networks,Pan-OS
Panoramic Corporation,Digital Imaging Software
PaperCut,MF
PaperCut,PaperCut
PaperCut,PaperCut MF
PaperCut,PaperCut NG
Paragon Software,Paragon Partition Manager
Parsons,AclaraONE Utility Portal
Parsons,Parsons Utility Enterprise Data Management
Pentaho,Pentaho Business Analytics
Pentaho,Pentaho Server
PerFact Innovation,OpenVPN-Client
Pharos Architectural Controls,Mosaic Show Controller
Philips,ACSYS Gateway
Philips,AVW
Philips,Advanced Visualization Workspace
Philips,Advanced Visualization Workspace V15
Philips,Anywhere
Philips,CDE
Philips,Capsule Surveillance
Philips,Cardilogs
Philips,Cardiovascular
Philips,Clinical Collaboration Platform
Philips,Collaboration Live
Philips,Corsium
Philips,Discovery
Philips,Dreammapper
Philips,DynaSuite Neuro
Philips,ECI Event and Device Readiness
Philips,Efficia CM
Philips,Engage
Philips,FocalPoint
Philips,GuardianSoftware
Philips,Illumeo
Philips,IntelliSpace Corsium
Philips,IntelliSpace Discovery
Philips,IntelliSpace ECG Management System
Philips,IntelliSpace ECG Version B
Philips,IntelliSpace Perinatal
Philips,IntelliSpace Portal Client
Philips,IntelliSpace Portal Server
Philips,IntelliSpace Radiology
Philips,IntelliSpace Universal Data Manager
Philips,IntelliVue Guardian Software
Philips,IntelliVue IGS
Philips,IntelliVue Perinatal
Philips,IntelliVue XDS
Philips,Multi-Patient Bridge
Philips,Myvue
Philips,PACS
Philips,PIC iX
Philips,Perinatal
Philips,Philips Device Management Dashboard
Philips,Philips IntelliSpace Portal
Philips,Philips Myvue
Philips,Philips Vue Pacs
Philips,Philips VuePacs
Philips,Pinnacle
Philips,Portal
Philips,Portal Enterprise Concerto
Philips,Portal Server
Philips,Portal Workstation
Philips,Tasy EMR
Philips,TraceMasterVue
Philips,Vi-Pros
Philips,VitalSky
Philips,Vue Motion
Philips,Vue PACS
Philips,Vue Pacs
Philips,Vue Speech
Philips,VueBeyond
Philips,VuePacs
Philips,XDS
Philips,XIRIS
Philips,Xcelera
Philips,e-Whiteboard
Philips,eTriage
Phoenix Contact,PC WORX SRT
Pixmeo,OsiriX MD
Plug and Track,Thermoscan IP
Portwell,Engineering Toolkits
PostgreSQL Global Development Group,PostgreSQL
Powershield,NetGuard
Pro-face,BLUE Open Studio
Pro-face,Pro-face BLUE
ProLeiT,Plant Integrate iT V
ProLeiT,Plant iT V
ProLeiT,Plant iT connect V
ProLeiT,brewmaxx V
Progress,Progress*Telerik*Report Server
Progress,Telerik Reporting
Progress,WS_FTP Server
Progress,WhatsUp Gold
Progress,moveit transfer
Progress,moveit_cloud
ProjectSend,ProjectSend
Projectworlds,hospital-management-system-in-php
Pulse Secure,Pulse Connect Secure
Putty,PuTTY
QNAP,QTS
QNAP,QuTS hero
Qlik,Qlik Sense
Qlik,Qlik Sense August 2022 Patch 1
Qlik,Qlik Sense August 2022 Patch 10
Qlik,Qlik Sense August 2022 Patch 11
Qlik,Qlik Sense August 2022 Patch 12
Qlik,Qlik Sense August 2022 Patch 13
Qlik,Qlik Sense August 2022 Patch 2
Qlik,Qlik Sense August 2022 Patch 3
Qlik,Qlik Sense August 2022 Patch 4
Qlik,Qlik Sense August 2022 Patch 5
Qlik,Qlik Sense August 2022 Patch 6
Qlik,Qlik Sense August 2022 Patch 7
Qlik,Qlik Sense August 2022 Patch 8
Qlik,Qlik Sense August 2022 Patch 9
Qlik,Qlik Sense August 2023 Patch 1
Qlik,Qlik Sense February 2022 Patch 1
Qlik,Qlik Sense February 2022 Patch 10
Qlik,Qlik Sense February 2022 Patch 11
Qlik,Qlik Sense February 2022 Patch 12
Qlik,Qlik Sense February 2022 Patch 13
Qlik,Qlik Sense February 2022 Patch 14
Qlik,Qlik Sense February 2022 Patch 2
Qlik,Qlik Sense February 2022 Patch 3
Qlik,Qlik Sense February 2022 Patch 4
Qlik,Qlik Sense February 2022 Patch 5
Qlik,Qlik Sense February 2022 Patch 6
Qlik,Qlik Sense February 2022 Patch 7
Qlik,Qlik Sense February 2022 Patch 8
Qlik,Qlik Sense February 2022 Patch 9
Qlik,Qlik Sense February 2023 Patch 1
Qlik,Qlik Sense February 2023 Patch 2
Qlik,Qlik Sense February 2023 Patch 3
Qlik,Qlik Sense February 2023 Patch 4
Qlik,Qlik Sense February 2023 Patch 5
Qlik,Qlik Sense February 2023 Patch 6
Qlik,Qlik Sense February 2023 Patch 7
Qlik,Qlik Sense February 2023 Patch 8
Qlik,Qlik Sense February 2023 Patch 9
Qlik,Qlik Sense May 2022 Patch 1
Qlik,Qlik Sense May 2022 Patch 10
Qlik,Qlik Sense May 2022 Patch 11
Qlik,Qlik Sense May 2022 Patch 12
Qlik,Qlik Sense May 2022 Patch 13
Qlik,Qlik Sense May 2022 Patch 14
Qlik,Qlik Sense May 2022 Patch 15
Qlik,Qlik Sense May 2022 Patch 2
Qlik,Qlik Sense May 2022 Patch 3
Qlik,Qlik Sense May 2022 Patch 4
Qlik,Qlik Sense May 2022 Patch 5
Qlik,Qlik Sense May 2022 Patch 6
Qlik,Qlik Sense May 2022 Patch 7
Qlik,Qlik Sense May 2022 Patch 8
Qlik,Qlik Sense May 2022 Patch 9
Qlik,Qlik Sense May 2023 Patch 1
Qlik,Qlik Sense May 2023 Patch 2
Qlik,Qlik Sense May 2023 Patch 3
Qlik,Qlik Sense May 2023 Patch 4
Qlik,Qlik Sense May 2023 Patch 5
Qlik,Qlik Sense November 2021 Patch 1
Qlik,Qlik Sense November 2021 Patch 10
Qlik,Qlik Sense November 2021 Patch 11
Qlik,Qlik Sense November 2021 Patch 12
Qlik,Qlik Sense November 2021 Patch 13
Qlik,Qlik Sense November 2021 Patch 14
Qlik,Qlik Sense November 2021 Patch 15
Qlik,Qlik Sense November 2021 Patch 16
Qlik,Qlik Sense November 2021 Patch 2
Qlik,Qlik Sense November 2021 Patch 3
Qlik,Qlik Sense November 2021 Patch 4
Qlik,Qlik Sense November 2021 Patch 5
Qlik,Qlik Sense November 2021 Patch 6
Qlik,Qlik Sense November 2021 Patch 7
Qlik,Qlik Sense November 2021 Patch 8
Qlik,Qlik Sense November 2021 Patch 9
Qlik,Qlik Sense November 2022 Patch 1
Qlik,Qlik Sense November 2022 Patch 10
Qlik,Qlik Sense November 2022 Patch 2
Qlik,Qlik Sense November 2022 Patch 3
Qlik,Qlik Sense November 2022 Patch 4
Qlik,Qlik Sense November 2022 Patch 5
Qlik,Qlik Sense November 2022 Patch 6
Qlik,Qlik Sense November 2022 Patch 7
Qlik,Qlik Sense November 2022 Patch 8
Qlik,Qlik Sense November 2022 Patch 9
Qlik,Sense Client
Qlik,Sense Engine
Qlik,Sense Logging Service
Qlik,Sense Printing Service
Qlik,Sense Proxy
Qlik,Sense Repository
Qlik,Sense Scheduler
Qlik,Sense Service Dispatcher
Qualcomm,5G Fixed Wireless Access Platform
Qualcomm,C-V2X 9150
Qualcomm,SM7635P
Qualcomm,SM7675
Qualcomm,SM8550P
Qualcomm,SM8635
Qualcomm,Smart Display 200 Platform
Qualcomm,Snapdragon 480+ 5G Mobile Platform
Qualcomm,Snapdragon 680 4G Mobile Platform
Qualitor,Qualitor
Quest Software,Kace sma
Radiometrics,VizAir
Rapid Software,Rapid SCADA
Rapid7,Velociraptor
Rarlab,WinRAR
Rarlab,Winrar
Realtek,SDK
Red Lion,Crimson
RedHat,FreeType
RedHat,bash
RedHat,jsonpath-plus
RedHat,redis
RedHat,richfaces
RedHat,rsync
RedHat,rubygem-actionview
RedHat,sudo
Rejetto,HTTP File Server
ReviewDog,ReviewDog
Rockwell Automation,AADvance-Trusted
Rockwell Automation,Activation Manager
Rockwell Automation,Alarms
Rockwell Automation,Arena
Rockwell Automation,Arena Simulation
Rockwell Automation,Arena Simulation Software
Rockwell Automation,ArmorStart
Rockwell Automation,AssetCenter
Rockwell Automation,AssetCentre
Rockwell Automation,CIP Safety Encoder
Rockwell Automation,Classic
Rockwell Automation,Connected Component Workbench
Rockwell Automation,Connected Components Workbench
Rockwell Automation,DCS
Rockwell Automation,DataEdgePlatform
Rockwell Automation,DataMosaix Private Cloud
Rockwell Automation,Datalink
Rockwell Automation,Designer
Rockwell Automation,Designer Studio 5000
Rockwell Automation,Developer
Rockwell Automation,Diagnostics
Rockwell Automation,DriveExecutive
Rockwell Automation,DriveTools
Rockwell Automation,Drives AOP
Rockwell Automation,EIG
Rockwell Automation,Emulate 5000
Rockwell Automation,Emulate3D
Rockwell Automation,Endpoint Protection Service
Rockwell Automation,Enhanced HIM
Rockwell Automation,Events Server
Rockwell Automation,FactoryTalk
Rockwell Automation,FactoryTalk Action Manager
Rockwell Automation,FactoryTalk Activation
Rockwell Automation,FactoryTalk Activation Manager
Rockwell Automation,FactoryTalk Analytics DataFlowML
Rockwell Automation,FactoryTalk Analytics DataView
Rockwell Automation,FactoryTalk Analytics LogixAI
Rockwell Automation,FactoryTalk AssetCentre
Rockwell Automation,FactoryTalk Batch View
Rockwell Automation,FactoryTalk DataMosaix Private Cloud
Rockwell Automation,FactoryTalk Edge Gateway
Rockwell Automation,FactoryTalk Historian SE
Rockwell Automation,FactoryTalk Linx
Rockwell Automation,FactoryTalk Linx Enterprise
Rockwell Automation,FactoryTalk Logix Echo
Rockwell Automation,FactoryTalk Optix
Rockwell Automation,FactoryTalk Policy Manager
Rockwell Automation,FactoryTalk Production
Rockwell Automation,FactoryTalk Remote Access
Rockwell Automation,FactoryTalk Service Platform
Rockwell Automation,FactoryTalk Services Platform
Rockwell Automation,FactoryTalk System Services
Rockwell Automation,FactoryTalk Transaction Manager
Rockwell Automation,FactoryTalk Updater Agent
Rockwell Automation,FactoryTalk Updater Client
Rockwell Automation,FactoryTalk Updater Server
Rockwell Automation,FactoryTalk View M
Rockwell Automation,FactoryTalk View ME
Rockwell Automation,FactoryTalk View Machine Edition
Rockwell Automation,FactoryTalk View Site Edition
Rockwell Automation,FactoryTalk Viewpoint
Rockwell Automation,Historian - ThingWorx Connector
Rockwell Automation,Historian Batch
Rockwell Automation,Historian Event Frames Generator
Rockwell Automation,Historian SE
Rockwell Automation,ISaGRAF
Rockwell Automation,ISaGRAF Free Runtime
Rockwell Automation,ISaGRAF Workbench
Rockwell Automation,Industrial Data Center
Rockwell Automation,KEPServer Enterprise
Rockwell Automation,KEPServerEX
Rockwell Automation,Link Gateway
Rockwell Automation,Linx
Rockwell Automation,Linx Enterprise
Rockwell Automation,Linx Gateway
Rockwell Automation,Linx OPC UA
Rockwell Automation,Linx software
Rockwell Automation,Logix Designer
Rockwell Automation,Logix Emulate
Rockwell Automation,Modbus TCP AOI
Rockwell Automation,OPC-Aggregator
Rockwell Automation,Pavilion8
Rockwell Automation,PowerMonitor 1000
Rockwell Automation,PowerMonitor 5000
Rockwell Automation,ProcessBook
Rockwell Automation,Professional
Rockwell Automation,RSLogix 5 English
Rockwell Automation,RSLogix 5 Module
Rockwell Automation,RSLogix 5 V
Rockwell Automation,RSLogix 500 English
Rockwell Automation,RSLogix 500 Module
Rockwell Automation,RSLogix 500 V
Rockwell Automation,RSLogix 5000
Rockwell Automation,RSLogix Micro
Rockwell Automation,RSNetWorx
Rockwell Automation,RSView32
Rockwell Automation,Rockwell Sequence Manager
Rockwell Automation,SE
Rockwell Automation,Safety Instrumented System
Rockwell Automation,Safety Instrumented System Workstation
Rockwell Automation,Safety Instrumented Systems Workstation
Rockwell Automation,SequenceManager
Rockwell Automation,Services Platform
Rockwell Automation,Standard
Rockwell Automation,Starter
Rockwell Automation,Starter Lite
Rockwell Automation,Studio 5000 Logix
Rockwell Automation,Studio 5000 Logix Designer
Rockwell Automation,Studio 5000 Simulation Interface
Rockwell Automation,ThinManager
Rockwell Automation,ThinServer
Rockwell Automation,Threat Detection Managed Services
Rockwell Automation,VantagePoint
Rockwell Automation,Vantagepoint
Rockwell Automation,VersaVirtual Application
Rockwell Automation,Verve Asset Manager
Rockwell Automation,View
Rockwell Automation,View SE
Rockwell Automation,View Site
Rockwell Automation,Warehouse Management
Rockwell Automation,eHIM
Rockwell Automation,factorytalk view site edition
Rockwell Automation,pavilion8
Roundcube,Roundcube
Roundcube,Webmail
Ruckus Wireless,Network Director
Ruckus Wireless,Virtual SmartZone
SAP,Commerce Cloud
SAP,NetWeaver
SAP,NetWeaver Visual Composer
SAP,S/4HANA
SAP,SAP NetWeaver
SAP,SAP NetWeaver AS
SAP,SAP NetWeaver AS Java
SAP,SAP NetWeaver Application Server
SKYSEA,Client View
SMA,Sunny Portal
SUBNET Solutions Inc,PowerSYSTEM
SUBNET Solutions Inc,PowerSYSTEM Center
SUBNET Solutions Inc,PowerSYSTEM Center 2020
SUBNET Solutions Inc,PowerSYSTEM Server
SUBNET Solutions Inc,SubSTATION Server
SUBNET Solutions Inc,Substation Server
SailPoint,IdentityIQ
Samba,Samba
Samsung,Android
Samsung,MagicINFO 9
Samsung,MagicINFO 9 Server
Samsung,Samsung HVAC DMS
Sangoma Technologies,FreePBX
Sangoma Technologies,freepbx
Santesoft,DICOM Viewer Pro
Santesoft,FFT Imaging
Santesoft,Sante DICOM Viewer Pro
Santesoft,Sante FFT Imaging
Santesoft,Sante PACS Server
Schneider Electric,APC
Schneider Electric,APC Easy UPS Online Monitoring
Schneider Electric,APC PowerChute Business Edition
Schneider Electric,APC PowerChute Network Shutdown
Schneider Electric,Accutech Manager
Schneider Electric,ArchestrA Logger
Schneider Electric,Basic
Schneider Electric,Brewmaxx
Schneider Electric,Building Operation (EBO)
Schneider Electric,C-Bus Toolkit
Schneider Electric,C-Gate Server
Schneider Electric,CanBRASS
Schneider Electric,Citect Scada
Schneider Electric,ClearSCADA
Schneider Electric,ClearSCADA 2017
Schneider Electric,ClearSCADA 2017 R2
Schneider Electric,ClearSCADA 2017 R3
Schneider Electric,Concept
Schneider Electric,Conext Advisor 2 Cloud
Schneider Electric,Conext Advisor 2 Gateway
Schneider Electric,Conext Gateway
Schneider Electric,ConneXium Network Manager
Schneider Electric,Control Expert
Schneider Electric,Custom Reports
Schneider Electric,Cybersecurity Admin Expert
Schneider Electric,Data Center Expert
Schneider Electric,E+PLC tools
Schneider Electric,EASYFIT
Schneider Electric,EPAS-UI
Schneider Electric,EVLink Parking
Schneider Electric,EX EX-ED
Schneider Electric,EX-ED
Schneider Electric,Easergy Builder
Schneider Electric,Easergy P3
Schneider Electric,Easergy Studio
Schneider Electric,Easy UPS
Schneider Electric,EcoStruxure
Schneider Electric,EcoStruxure Architecture Builder
Schneider Electric,EcoStruxure Automation Expert
Schneider Electric,EcoStruxure Building Operation Enterprise Server
Schneider Electric,EcoStruxure Building Operation WebStation
Schneider Electric,EcoStruxure Building Operation Webstation
Schneider Electric,EcoStruxure Building Operation WorkStation
Schneider Electric,EcoStruxure Control Expert
Schneider Electric,EcoStruxure Control Expert Asset Link
Schneider Electric,EcoStruxure EV Charging Expert
Schneider Electric,EcoStruxure Foxboro DCS
Schneider Electric,EcoStruxure Hybrid DCS
Schneider Electric,EcoStruxure IT Data Center Expert
Schneider Electric,EcoStruxure IT Gateway
Schneider Electric,EcoStruxure Machine Expert
Schneider Electric,EcoStruxure Machine Expert Safety
Schneider Electric,EcoStruxure Machine Expert Twin
Schneider Electric,EcoStruxure Machine SCADA Expert
Schneider Electric,EcoStruxure Machine SCADA Expert Asset Link
Schneider Electric,EcoStruxure OPC UA Server Expert
Schneider Electric,EcoStruxure Operator Terminal Expert
Schneider Electric,EcoStruxure Panel Server
Schneider Electric,EcoStruxure Power Automation System User Interface
Schneider Electric,EcoStruxure Power Build - Rapsody
Schneider Electric,EcoStruxure Power Build - Rapsody FR
Schneider Electric,EcoStruxure Power Build Rapsody
Schneider Electric,EcoStruxure Power Commission
Schneider Electric,EcoStruxure Power Monitoring
Schneider Electric,EcoStruxure Power Monitoring Expert
Schneider Electric,EcoStruxure Power Monitoring Expert 2023
Schneider Electric,EcoStruxure Power Monitoring Expert 2023 R2
Schneider Electric,EcoStruxure Power Monitoring Expert 2024
Schneider Electric,EcoStruxure Power Monitoring Expert 2024 R2
Schneider Electric,EcoStruxure Power Operation
Schneider Electric,EcoStruxure Power Operation 2022
Schneider Electric,EcoStruxure Power Operation 2024
Schneider Electric,EcoStruxure Power Operation Advanced Reporting 2022
Schneider Electric,EcoStruxure Power Operation Advanced Reporting 2024
Schneider Electric,EcoStruxure Power SCADA Operation
Schneider Electric,EcoStruxure Process Exper
Schneider Electric,EcoStruxure Process Expert
Schneider Electric,EcoStruxure Process Expert - Asset Link
Schneider Electric,EcoStruxure Process Expert Asset Link
Schneider Electric,EcoStruxure Process Expert for AVEVA
Schneider Electric,EcoStruxure Process Expert for AVEVA System Platform
Schneider Electric,EcoStruxure Workstation
Schneider Electric,EcoStruxureTM Enterprise Server
Schneider Electric,EcoStruxureTM Machine SCADA Expert
Schneider Electric,EcoStruxureTM Modicon Communication Server A
Schneider Electric,Ecodial Advance Calculation
Schneider Electric,Ecoreal XL
Schneider Electric,Energy Expert
Schneider Electric,Enterprise Central
Schneider Electric,Enterprise Server
Schneider Electric,Eurotherm Data Reviewer
Schneider Electric,Expert 2019
Schneider Electric,Expert 2020
Schneider Electric,Floating License Manager
Schneider Electric,Foxboro DCS
Schneider Electric,Foxboro DCS Condition Advisor
Schneider Electric,GP-Pro EX
Schneider Electric,GUIcon
Schneider Electric,Geo SCADA Expert
Schneider Electric,Geo SCADA Expert 2019
Schneider Electric,Geo SCADA Expert 2020
Schneider Electric,Geo SCADA Mobile
Schneider Electric,HDPM6000
Schneider Electric,Hybrid DCS
Schneider Electric,IGSS
Schneider Electric,IGSS Dashboard
Schneider Electric,IGSS Data Collector
Schneider Electric,IGSS Data Server
Schneider Electric,IGSS Definition
Schneider Electric,ION Setup
Schneider Electric,IT Data Center Expert
Schneider Electric,IT Gateway
Schneider Electric,InsightFacility
Schneider Electric,InsightHome
Schneider Electric,Interactive Graphical SCADA System
Schneider Electric,Legacy Modicon Premium and Quantum
Schneider Electric,MSE
Schneider Electric,Machine Expert
Schneider Electric,Machine Expert Basic
Schneider Electric,Modbus Driver Suite
Schneider Electric,Modbus Serial Driver (32 bits)
Schneider Electric,Modbus Serial Driver (64 bits)
Schneider Electric,ModbusCommDTM sl
Schneider Electric,Modicon Communication Server
Schneider Electric,NEW630
Schneider Electric,OFS
Schneider Electric,OPC Factory Server
Schneider Electric,OS Loader
Schneider Electric,Operator Terminal Expert
Schneider Electric,Operator Terminal Expert runtime
Schneider Electric,PACTware
Schneider Electric,PFXEXEDLS
Schneider Electric,PFXEXEDV
Schneider Electric,PFXEXGRPLS
Schneider Electric,PL7
Schneider Electric,PLC Simulator for EcoStruxure Control Expert
Schneider Electric,PLC Simulator for EcoStruxure Process Expert
Schneider Electric,Plant iT
Schneider Electric,Power Build
Schneider Electric,Power Design - Ecodial FR
Schneider Electric,Power Design - Ecodial INT
Schneider Electric,Power Design - Ecodial NL
Schneider Electric,Power Manager
Schneider Electric,Power Monitoring Expert
Schneider Electric,Power Monitoring Expert 2020
Schneider Electric,Power Monitoring Expert 2020 Cumulative Update 1
Schneider Electric,Power Monitoring Expert 2020 Cumulative Update 2
Schneider Electric,Power Monitoring Expert 2020 Cumulative Update 3
Schneider Electric,Power Monitoring Expert 2021
Schneider Electric,Power Monitoring Expert 2021 Cumulative Update
Schneider Electric,Power Monitoring Expert 2022
Schneider Electric,Power Operation Expert 2021
Schneider Electric,Power Operation Expert 2021 Cumulative Update
Schneider Electric,Power Operation Expert 2021 Cumulative Update 1
Schneider Electric,Power Operation Expert 2022
Schneider Electric,Power Operation Expert 2022 Cumulative Update
Schneider Electric,Power Operation Expert 2022 Cumulative Update 1
Schneider Electric,Power Operation Expert 2022 Cumulative Update 2
Schneider Electric,Power Operation Expert 2022 Cumulative Update 3
Schneider Electric,Power Operation Expert 2022 Cumulative Update 4
Schneider Electric,Power SCADA Anywhere
Schneider Electric,Power SCADA Expert
Schneider Electric,Power SCADA Operation
Schneider Electric,PowerChute Business Edition
Schneider Electric,PowerChute Network Shutdown
Schneider Electric,PowerChute Serial Shutdown
Schneider Electric,PowerSCADA Expert
Schneider Electric,PowerSuite
Schneider Electric,Pro-face BLUE
Schneider Electric,Pro-face BLUE Open Studio
Schneider Electric,Pro-face GP-Pro EX
Schneider Electric,Pro-face Remote HMI
Schneider Electric,ProClima
Schneider Electric,Proccess Expert
Schneider Electric,Process Expert
Schneider Electric,Remote Connect
Schneider Electric,RemoteConnect
Schneider Electric,SCADAPack RemoteConnect
Schneider Electric,SCADAPack RemoteConnect for x70
Schneider Electric,SCADAPack Workbench
Schneider Electric,SDK BOM
Schneider Electric,SDK-Docgen
Schneider Electric,SDK-TNC
Schneider Electric,SDK-UMS
Schneider Electric,SDK3D2DRenderer
Schneider Electric,SDK3D360Widget
Schneider Electric,SFAPV9601
Schneider Electric,SFT2841
Schneider Electric,SNC-API
Schneider Electric,SNC-CMM
Schneider Electric,SNCSEMTECH
Schneider Electric,SPIMV3
Schneider Electric,SWBEditor
Schneider Electric,SWBEngine
Schneider Electric,Scadapack 57x
Schneider Electric,ScadapackTM 47x
Schneider Electric,ScadapackTM 47xi
Schneider Electric,Schneider Electric Accutech Manager
Schneider Electric,Schneider Electric Software Update
Schneider Electric,Security Administrator
Schneider Electric,Select and Config DATA
Schneider Electric,SoMachine
Schneider Electric,SoMachine Basic
Schneider Electric,SoMove
Schneider Electric,SoSafe Configurable
Schneider Electric,Software Update
Schneider Electric,Software Update (SESU)
Schneider Electric,SpaceLogic C-Bus
Schneider Electric,StruxureWare
Schneider Electric,StruxureWare Data Center Expert
Schneider Electric,StruxureWare Data Centre Expert
Schneider Electric,TwidoSuite
Schneider Electric,Unitelway Driver
Schneider Electric,Unity Loader
Schneider Electric,Unity Pro
Schneider Electric,UnityLoader
Schneider Electric,Vijeo Designer
Schneider Electric,Vijeo Designer Basic
Schneider Electric,Vijeo Designer Ver. 6.3 Service Pack 1
Schneider Electric,Vijeo-Designer
Schneider Electric,WebHMI
Schneider Electric,WebStation
Schneider Electric,Wiser for KNX
Schneider Electric,Zelio Soft 2
Schneider Electric,ZelioSoft2
Schneider Electric,eco struxurure power monitoring expert
Schneider Electric,eco struxurure power operation advanced reporting and dashboards
Schneider Electric,fellerLYnk
Schneider Electric,jSerialComm
Schneider Electric,powerchute serial shutdown
Schneider Electric,scadapack x70
Schneider Electric,somachine hvac
Schneider Electric,somachine hvac firmware
Schneider Electric,spaceLYnk
Schneider Electric,struxureware building expert multi-purpose management
Schneider Electric,struxureware data center expert
Schweitzer Engineering Laboratories,AcSELerator Architect
Schweitzer Engineering Laboratories,SEL Compass
Schweitzer Engineering Laboratories,SEL Grid Configurator
ScienceLogic,SL1
ScreenConnect,ScreenConnect
Sensormatic Electronics,VideoEdge
ServiceNow,ServiceNow
Siemens, MIPS
Siemens,"Automation Workstation 19"""
Siemens,"Automation Workstation 24"""
Siemens,(TIA Portal) V16
Siemens,1531
Siemens,2020.2
Siemens,2021.1
Siemens,230
Siemens,4
Siemens,400
Siemens,431-422
Siemens,7
Siemens,8 Software
Siemens,8 Software Solution
Siemens,AI Model Deployer
Siemens,APDFL
Siemens,Advantage Navigator Energy & Sustainability
Siemens,Advantage Navigator Software Proxy
Siemens,Analyse MyCondition
Siemens,Analyze MyPerformance
Siemens,Analyze MyPerformance /OEEMonitor
Siemens,Analyze MyPerformance /OEETuning
Siemens,Automation License Manager
Siemens,Automation Tool
Siemens,BATCH
Siemens,BFC Client
Siemens,BFCClient
Siemens,BRAUMAT
Siemens,Batch
Siemens,Brownfield Connectivity - Client
Siemens,Brownfield Connectivity - Gateway
Siemens,CAPE Protection Simulation Platform
Siemens,CEMAT
Siemens,CN 4100
Siemens,COMO
Siemens,COMOS
Siemens,CP PtP Param configuring interface
Siemens,CPU 1504D TF
Siemens,CPU 1510SP F-1 PN
Siemens,CPU 1511TF-1 PN
Siemens,CPU 1512C-1 PN
Siemens,CPU 1514SP F-2 PN
Siemens,CPU 1514SP-2 PN
Siemens,CPU 1514SPT F-2 PN
Siemens,CPU 1514SPT-2 PN
Siemens,CPU 1515T-2 PN
Siemens,CPU 1515TF-2 PN
Siemens,CPU 1516pro F-2 PN
Siemens,CPU 1516pro-2 PN
Siemens,CPU 1517F-3 PN/DP
Siemens,CPU 1518-4
Siemens,CPU 1518F-3 PN
Siemens,CPU 1518F-4
Siemens,CPU 1518F-4 PN/DP
Siemens,CPU 1518T-3 PN
Siemens,CPU 1518TF-3 PN
Siemens,CROSSBOW
Siemens,CROSSBOW Station Access Controller
Siemens,Calibre ICE
Siemens,Camstar Enterprise Platform
Siemens,Capital
Siemens,Capital Embedded AR Classic
Siemens,Capital Embedded AR Classic 431-422
Siemens,Capital Embedded AR Classic R20-11
Siemens,Capital VSTAR
Siemens,Cerberus DMS
Siemens,Cerberus(TM) DMS
Siemens,CloudConnect 712
Siemens,Connect 300
Siemens,Control Center Server
Siemens,Create MyConfig
Siemens,Data Flow Monitoring Industrial Edge Device User Interface
Siemens,Desigo CC
Siemens,Desigo CC Compact
Siemens,Desigo Insight
Siemens,DiagMonitor
Siemens,Diagnostic Management for SIMATIC IPC - DiagBase
Siemens,Diagnostic Management for SIMATIC IPC - DiagMonitor
Siemens,E-Car OC Cloud Application
Siemens,ES
Siemens,Energy Engage
Siemens,Energy Manage
Siemens,Energy Manager
Siemens,Energy Services
Siemens,Energy Support Library
Siemens,EnergyIP
Siemens,EnergyIP Prepay
Siemens,Enlighted Amaze
Siemens,Enlighted Where
Siemens,Execution Discrete
Siemens,Execution Foundation
Siemens,Execution Process
Siemens,FM Configuration Package
Siemens,Femap
Siemens,GMA-Manager
Siemens,Geolus Shape Search
Siemens,GridEdge Essential
Siemens,GridPass
Siemens,Gridscale X Prepay
Siemens,HEEDS Connect
Siemens,HyperLynx
Siemens,IETools
Siemens,INS
Siemens,INTRALOG WMS
Siemens,IPC BX-39A
Siemens,IPC BX-59A
Siemens,IPC DiagBase
Siemens,IPC DiagMonitor
Siemens,IPC PX-39A 19'' Pro
Siemens,IPC PX-39A 24'' Pro
Siemens,IPC Support
Siemens,IPC427E
Siemens,IT LMS
Siemens,IT Production Suite
Siemens,IT UA Discrete Manufacturing
Siemens,IT UADM
Siemens,Industrial Edge App Publisher
Siemens,Industrial Edge Cloud Device
Siemens,Industrial Edge Device Kit
Siemens,Industrial Edge Hub
Siemens,Industrial Edge Management
Siemens,Industrial Edge Management App
Siemens,Industrial Edge Management OS
Siemens,Industrial Edge Management Pro
Siemens,Industrial Edge Management Virtual
Siemens,Industrial Edge Own Device
Siemens,Industrial Edge Virtual Device
Siemens,Industrial Edge for Machine Tools
Siemens,Information Server
Siemens,Insights Hub Private Cloud
Siemens,Integrate Client
Siemens,Integrate for Production
Siemens,Intelligence
Siemens,JT Bi-Directional Translator for STEP
Siemens,JT Open
Siemens,JT Utilities
Siemens,JT2GO
Siemens,JT2Go
Siemens,JTTK
Siemens,LMS
Siemens,LOGO!
Siemens,LOGO! 8 BM
Siemens,LOGO! Soft Comfort
Siemens,License Management Utility (LMU)
Siemens,LiveTwin Industrial Edge app
Siemens,Location Intelligence
Siemens,Logon
Siemens,MGMS
Siemens,MTP1000 Unified Comfort
Siemens,MTP1200 Comfort Pro
Siemens,MTP1200 Unified Comfort
Siemens,MTP1500 Comfort Pro
Siemens,MTP1500 Unified Comfort
Siemens,MTP1900 Comfort Pro
Siemens,MTP1900 Unified Comfort
Siemens,MTP2200 Comfort Pro
Siemens,MTP2200 Unified Comfort
Siemens,MTP700 Unified Comfort
Siemens,Manage MyMachines
Siemens,Manage MyMachines /Remote
Siemens,Manage MyMachines /Spindel Monitor
Siemens,Manage MyPrograms
Siemens,Manage MyResources /Programs
Siemens,Manage MyResources /Tools
Siemens,Manage MyTools
Siemens,Manager
Siemens,Mcenter
Siemens,Mendix
Siemens,Mendix 10
Siemens,Mendix 9
Siemens,Mendix Database Replication
Siemens,Mendix Excel Importer Module
Siemens,Mendix Forgot Password
Siemens,Mendix Forgot Password Appstore module
Siemens,Mendix LDAP
Siemens,Mendix RichText
Siemens,Mendix Runtime
Siemens,Mendix SAML
Siemens,Mendix SAML Module
Siemens,Mendix Studio Pro 10
Siemens,Mendix Studio Pro 10.12
Siemens,Mendix Studio Pro 10.18
Siemens,Mendix Studio Pro 10.6
Siemens,Mendix Studio Pro 11
Siemens,Mendix Studio Pro 8
Siemens,Mendix Studio Pro 9
Siemens,MindSphere Asset Manager
Siemens,MindSphere IAM (User Management/ Settings)
Siemens,MindSphere Integrated Data Lake
Siemens,MindSphere Notification Service
Siemens,MindSphere Predictive Learning
Siemens,MindSphere Usage Transparency Service
Siemens,MindSphere Visual Explorer
Siemens,Mindsphere Cloud Platform
Siemens,Mobile
Siemens,ModelSim
Siemens,ModelSim Simulation
Siemens,MultiFieldbus Configuration Tool
Siemens,NET
Siemens,NET PC
Siemens,NET PC Software
Siemens,NMS
Siemens,NX
Siemens,NX 1953
Siemens,NX 1980
Siemens,Nastran
Siemens,NetBotz755
Siemens,Notifier Server for Windows
Siemens,Nucleus NET
Siemens,Nucleus ReadyStart
Siemens,Nucleus Source Code
Siemens,OPC UA Server
Siemens,OPUPI0
Siemens,Omnivise T3000
Siemens,Opcenter Execution Foundation
Siemens,Opcenter Intelligence
Siemens,Opcenter Quality
Siemens,Opcenter RDL
Siemens,Opcenter RDnL
Siemens,OpenPCS
Siemens,OpenPCS 7
Siemens,OpenV2G
Siemens,Operate
Siemens,Operation Scheduler
Siemens,Optimize MyProgramming /NX-Cam Editor
Siemens,PADS Standard/Plus Viewer
Siemens,PC Station
Siemens,PCS 7
Siemens,PCS 7 TeleControl
Siemens,PCS 7 V
Siemens,PCS 7 V9.1
Siemens,PCS 7 v
Siemens,PCS Neo
Siemens,PCS neo
Siemens,PCS7
Siemens,PCS7 V
Siemens,PDM
Siemens,PLCSIM
Siemens,PLCSIM Advanced
Siemens,PLM
Siemens,PLM Help Server
Siemens,PROFINET Driver
Siemens,PS/IGES
Siemens,PS/IGES Parasolid Translator Component
Siemens,PSS CAPE
Siemens,PSS CAPE Protection Simulation Platform
Siemens,PSS E
Siemens,PSS ODMS
Siemens,PSS SINCAL
Siemens,PSS(R)CAPE
Siemens,PSS(R)E
Siemens,PSS(R)ODMS
Siemens,PXC Compact
Siemens,PXC Modular
Siemens,PXM30-1
Siemens,PXM30.E
Siemens,PXM40-1
Siemens,PXM40.E
Siemens,PXM50-1
Siemens,PXM50.E
Siemens,Parasolid
Siemens,Parasolid Translator Component
Siemens,Perpetual Large
Siemens,Perpetual Medium
Siemens,Perpetual Non-Prod
Siemens,Perpetual Small
Siemens,Polarion
Siemens,Polarion ALM
Siemens,Polarion Subversion Webclient
Siemens,Polarion WebClient for SVN
Siemens,PowerSys
Siemens,Powermanager
Siemens,ProSave
Siemens,Process Historian
Siemens,Process Historian OPC UA Server
Siemens,Production Suite
Siemens,QMS Automotive
Siemens,Quality
Siemens,Questa
Siemens,Questa Simulation
Siemens,R20-11
Siemens,RDL
Siemens,ROS#
Siemens,RTLS
Siemens,RTLS Locating Manager
Siemens,RUGGEDCOM CROSSBOW (SAM-P)
Siemens,RUGGEDCOM CROSSBOW SAC
Siemens,RUGGEDCOM CROSSBOW Secure Access Manager Primary
Siemens,RUGGEDCOM CROSSBOW Station Access Controller
Siemens,ReadyStart
Siemens,Remote Connect
Siemens,Remote Connect Client
Siemens,Remote Connect Server
Siemens,Route Control
Siemens,S2000
Siemens,S3000
Siemens,S7-1500
Siemens,S7-1500 CPU 1518-4
Siemens,S7-1500 CPU 1518F-4
Siemens,S7-1500 Software Controller
Siemens,S7-1500 Software Controller - SIMATIC CPU 1507S
Siemens,S7-1500 Software Controller - SIMATIC CPU 1507S F
Siemens,S7-1500 Software Controller - SIMATIC CPU 1508S
Siemens,S7-1500 Software Controller - SIMATIC CPU 1508S F
Siemens,S7-1500 Software Controller - SIMATIC CPU 1508S T
Siemens,S7-1500 Software Controller - SIMATIC CPU 1508S TF
Siemens,S7-PLCSIM Advanced
Siemens,S7-PM
Siemens,SCALANCE LPE9413
Siemens,SCALANCE LPE9433
Siemens,SCOUT TIA
Siemens,SCT
Siemens,SE2022
Siemens,SENTRON 7KT PAC1261 Data Manager
Siemens,SENTRON Powermanager
Siemens,SENTRON powermanager
Siemens,SICAM PQ Analyzer
Siemens,SICAM SIAPP SDK
Siemens,SICAM TOOLBOX II
Siemens,SIDIS Prime
Siemens,SIGUARD DSA
Siemens,SIMARIS
Siemens,SIMATIC Automation Tool
Siemens,SIMATIC Automation Tool SDK Windows
Siemens,SIMATIC BATCH
Siemens,SIMATIC Control Function Library
Siemens,SIMATIC D7-SYS
Siemens,SIMATIC ET 200SP Open Controller CPU 1515SP PC2
Siemens,SIMATIC ET 200SP Open Controller CPU 1515SP PC3
Siemens,SIMATIC Energy Manager
Siemens,SIMATIC Energy Suite
Siemens,SIMATIC HMI MTP1000 Unified Comfort
Siemens,SIMATIC HMI MTP1200 Comfort Pro
Siemens,SIMATIC HMI MTP1200 Unified Comfort
Siemens,SIMATIC HMI MTP1500 Comfort Pro
Siemens,SIMATIC HMI MTP1500 Unified Comfort
Siemens,SIMATIC HMI MTP1900 Comfort Pro
Siemens,SIMATIC HMI MTP1900 Unified Comfort
Siemens,SIMATIC HMI MTP2200 Comfort Pro
Siemens,SIMATIC HMI MTP2200 Unified Comfort
Siemens,SIMATIC HMI MTP700 Unified Comfort
Siemens,SIMATIC IOT2050
Siemens,SIMATIC IPC DiagBase
Siemens,SIMATIC IPC DiagMonitor
Siemens,SIMATIC IPC IPC127E
Siemens,SIMATIC IPC IPC227E
Siemens,SIMATIC IPC IPC227G
Siemens,SIMATIC IPC IPC427E
Siemens,SIMATIC IPC IPC847E
Siemens,SIMATIC IPC127E
Siemens,SIMATIC IPC427E
Siemens,SIMATIC IPC847E
Siemens,SIMATIC Information Server 2020
Siemens,SIMATIC Information Server 2022
Siemens,SIMATIC Logon
Siemens,SIMATIC MTP CREATOR
Siemens,SIMATIC MTP Integrator
Siemens,SIMATIC Management Agent
Siemens,SIMATIC Management Console
Siemens,SIMATIC NET PC Software
Siemens,SIMATIC ODK 1500S
Siemens,SIMATIC OpenPCS 7
Siemens,SIMATIC PCS 7
Siemens,SIMATIC PCS 7 Advanced Process Faceplates
Siemens,SIMATIC PCS 7 Advanced Process Functions
Siemens,SIMATIC PCS 7 Advanced Process Graphics
Siemens,SIMATIC PCS 7 Advanced Process Library
Siemens,SIMATIC PCS 7 Basis Library
Siemens,SIMATIC PCS 7 Industry Library
Siemens,SIMATIC PCS 7 Logic Matrix
Siemens,SIMATIC PCS 7 MPC Configurator
Siemens,SIMATIC PCS 7 PowerControl
Siemens,SIMATIC PCS 7 Standard Chemical Library V10.0
Siemens,SIMATIC PCS 7 Standard Chemical Library V9.1
Siemens,SIMATIC PCS 7 TeleControl
Siemens,SIMATIC PCS 7 V
Siemens,SIMATIC PCS 7 V9.1
Siemens,SIMATIC PCS neo
Siemens,SIMATIC PCS neo V4.1
Siemens,SIMATIC PCS neo V5.0
Siemens,SIMATIC PCS neo V6.0
Siemens,SIMATIC PDM
Siemens,SIMATIC PDM Maintenance Station
Siemens,SIMATIC PDM Maintenance Station V5.0
Siemens,SIMATIC ProSave
Siemens,SIMATIC Process Function Library
Siemens,SIMATIC Process Historian
Siemens,SIMATIC RTLS Locating Manager
Siemens,SIMATIC Route Control
Siemens,SIMATIC S7 F Systems
Siemens,SIMATIC S7 Modular PID CTRL Tool
Siemens,SIMATIC S7 Standard PID Control Tool
Siemens,SIMATIC S7-1500 CPU 1511T-1 PN
Siemens,SIMATIC S7-1500 Software Controller
Siemens,SIMATIC S7-1500 Software Controller CPU 1507S
Siemens,SIMATIC S7-1500 Software Controller CPU 1507S F
Siemens,SIMATIC S7-1500 Software Controller CPU 1508S
Siemens,SIMATIC S7-1500 Software Controller CPU 1508S F
Siemens,SIMATIC S7-1500 Software Controller CPU 1508S TF
Siemens,SIMATIC S7-1500 Software Controller Linux V3
Siemens,SIMATIC S7-1500 Software Controller V2
Siemens,SIMATIC S7-1500 Software Controller V3
Siemens,SIMATIC S7-Fail-safe Configuration Tool
Siemens,SIMATIC S7-PCT
Siemens,SIMATIC S7-PLCSIM
Siemens,SIMATIC S7-PLCSIM Advanced
Siemens,SIMATIC STEP 7
Siemens,SIMATIC STEP 7 CFC
Siemens,SIMATIC Safety Matrix
Siemens,SIMATIC Target
Siemens,SIMATIC Technology Package TPCamGen
Siemens,SIMATIC Virtualization as a Service
Siemens,SIMATIC WinCC
Siemens,SIMATIC WinCC OA
Siemens,SIMATIC WinCC Runtime Advanced
Siemens,SIMATIC WinCC Runtime Professional
Siemens,SIMATIC WinCC TeleControl
Siemens,SIMATIC WinCC Unified
Siemens,SIMATIC WinCC Unified Line Coordination
Siemens,SIMATIC WinCC Unified PC Runtime
Siemens,SIMATIC WinCC Unified Sequence
Siemens,SIMATIC WinCC Visualization Architect
Siemens,SIMATIC WinCC flexible ES
Siemens,SIMATIC eaSie Core Package
Siemens,SIMATIC eaSie Document Skills
Siemens,SIMATIC eaSie PCS 7 Skill Package
Siemens,SIMATIC eaSie Workflow Skills
Siemens,SIMIT
Siemens,SIMIT Rapid Tester
Siemens,SIMIT Simulation Platform
Siemens,SIMOCODE ES
Siemens,SIMOTION OA MIIF
Siemens,SIMOTION OACAMGEN
Siemens,SIMOTION OALECO
Siemens,SIMOTION OAVIBX
Siemens,SIMOTION SCOUT
Siemens,SIMOTION SCOUT TIA
Siemens,SIMOTION SCOUT TIA V5.6
Siemens,SINAMICS STARTER
Siemens,SINAMICS Startdrive
Siemens,SINEC INS
Siemens,SINEC NMS
Siemens,SINEC NMS - SINEC NMS V
Siemens,SINEC NMS V
Siemens,SINEC NMS V1.0
Siemens,SINEC NMS V2.0
Siemens,SINEC NMS V3.0
Siemens,SINEC NMS V4.0
Siemens,SINEC Security Monito
Siemens,SINEC Traffic Analyzer
Siemens,SINEMA
Siemens,SINEMA RC Client
Siemens,SINEMA RC Server
Siemens,SINEMA Remote Connect Client
Siemens,SINEMA Remote Connect Server
Siemens,SINEMA SERVER
Siemens,SINEMA Server
Siemens,SINETPLAN
Siemens,SINUMERIK Edge
Siemens,SINUMERIK ONE
Siemens,SINUMERIK PLC Programming Tool
Siemens,SIPORT
Siemens,SIPORT MP
Siemens,SIRIUS engineering Safety ES
Siemens,SIRIUS engineering Soft Starter ES
Siemens,SISTAR
Siemens,SITRANS
Siemens,SIVaaS
Siemens,SOA Audit
Siemens,SOA Cockpit
Siemens,SOFTNET-IE PNIO
Siemens,SOFTSTARTER
Siemens,SPPA-S2000
Siemens,SPPA-S3000
Siemens,SPPA-T3000
Siemens,SPPA-T3000 MS3000
Siemens,SPPA-T3000 SeS3000
Siemens,ST7CC
Siemens,ST7sc
Siemens,STAR-CCM+
Siemens,STARTDRIVE
Siemens,STARTER
Siemens,STEP 7
Siemens,STEP 7 (TIA Portal)
Siemens,STEP 7 Safety
Siemens,STEP 7 V
Siemens,STEP7
Siemens,SUS Large
Siemens,SUS Medium
Siemens,SUS Non-Prod
Siemens,SUS Small
Siemens,Safety ES
Siemens,ScadaConnect
Siemens,Security Manager Edge Controller
Siemens,Security Monitor
Siemens,Server
Siemens,SiNVR/SiVMS Video Server
Siemens,SiPass
Siemens,SiPass integrated
Siemens,SiPass integrated AC5102
Siemens,SiPass integrated ACC-AP
Siemens,Siemens NX
Siemens,Siemens Network Planner
Siemens,Siemens SICAM PAS
Siemens,Siemens SICAM PQS
Siemens,Siemens Siveillance VMS VMS Device Pack
Siemens,Siemens Siveillance VMS Video
Siemens,Siemens Software Center
Siemens,Siemens Solid Edge
Siemens,Siemens Solid Edge 2025
Siemens,Siemens Solid Edge 2026
Siemens,Siemens Totally Integrated Automation Portal
Siemens,Siemens Totally Integrated Automation Portal V16 - SIMATIC S7-PLCSIM
Siemens,Siemens Totally Integrated Automation Portal V17
Siemens,Siemens Totally Integrated Automation Portal V17 - SIMATIC S7-PLCSIM V17.0
Siemens,Siemens Totally Integrated Automation Portal V18
Siemens,Siemens Totally Integrated Automation Portal V19
Siemens,Siemens Totally Integrated Automation Portal V20
Siemens,Simcenter
Siemens,Simcenter 3D
Siemens,Simcenter Amesim
Siemens,Simcenter Femap
Siemens,Simcenter Femap V2406
Siemens,Simcenter Femap V2412
Siemens,Simcenter Nastran
Siemens,Simcenter STAR-CCM+
Siemens,Simcenter STAR-CCM+ Viewer
Siemens,Simcenter Studio
Siemens,Simcenter System Architect
Siemens,Simcenter Testlab
Siemens,Simulation Platform
Siemens,Siveillance Control
Siemens,Siveillance Control Pro
Siemens,Siveillance Identity
Siemens,Siveillance Video
Siemens,Siveillance Video Client
Siemens,Siveillance Video DLNA Server
Siemens,Siveillance Video Mobile Serve
Siemens,SmartClient modules Opcenter QL Home (SC)
Siemens,Soft Comfort
Siemens,Soft Starter ES
Siemens,Software Center
Siemens,Software Controller
Siemens,Software ST7sc
Siemens,Solid Edge
Siemens,Solid Edge 2024
Siemens,Solid Edge CAM Pro
Siemens,Solid Edge Harness Design
Siemens,Source Code
Siemens,Spectrum Power
Siemens,Spectrum Power 4
Siemens,Spectrum Power 7
Siemens,Startdrive
Siemens,T3000
Siemens,TC Compact
Siemens,TC Modular
Siemens,TIA Administrator
Siemens,TIA Administrator - TIA Portal
Siemens,TIA Portal
Siemens,TIA Portal Cloud
Siemens,TIA Portal Cloud Connector
Siemens,TIA Portal Cloud V19
Siemens,TIA Portal Test Suite
Siemens,TIA Project-Server
Siemens,TIA Project-Server V17
Siemens,TIM 1531 IRC
Siemens,TOOLBOX II
Siemens,Teamcenter
Siemens,Teamcenter Active Workspace
Siemens,Teamcenter Deployment Center
Siemens,Teamcenter EDA
Siemens,Teamcenter Integration Framework
Siemens,Teamcenter MBSE Gateway
Siemens,Teamcenter Microservices Framework
Siemens,Teamcenter Reporting and Analytics
Siemens,Teamcenter Technical Publishing
Siemens,Teamcenter Visualization
Siemens,Tecnomatix
Siemens,Tecnomatix Plant Simulation
Siemens,Tecnomatix Plant Simulation 2404
Siemens,Tecnomatix RobotExpert
Siemens,TeleControl Server
Siemens,TeleControl Server Basic
Siemens,Totally Integrated Automation Portal
Siemens,Totally Integrated Automation Portal (TIA Portal)
Siemens,Totally Integrated Automation Portal V17
Siemens,Totally Integrated Automation Portal V18
Siemens,Totally Integrated Automation Portal V19
Siemens,Totally Integrated Automation Portal V20
Siemens,Traffic Analyzer
Siemens,Unicam FX
Siemens,User Management Component
Siemens,VeSys
Siemens,Video Open Network Bridge
Siemens,Win CC
Siemens,Win CC (TIA Portal)
Siemens,WinAC RTX
Siemens,WinAC RTX (F) 2010
Siemens,WinAC RTX 2010
Siemens,WinAC RTX F 2010
Siemens,WinAC RTX-F 2010
Siemens,WinCC
Siemens,WinCC  (TIA Portal)
Siemens,WinCC  Runtime Advanced
Siemens,WinCC (TIA Portal)
Siemens,WinCC OA
Siemens,WinCC OPC UA Client
Siemens,WinCC OPC UA Server
Siemens,WinCC Panel Image Setup
Siemens,WinCC Professional
Siemens,WinCC Runtime
Siemens,WinCC Runtime Advanced
Siemens,WinCC Runtime Professional
Siemens,WinCC TeleControl
Siemens,WinCC Unified
Siemens,WinCC Unified PC Runtime
Siemens,X-200RNA
Siemens,XHQ
Siemens,Xpedition Designer
Siemens,Xpedition Enterprise
Siemens,Xpedition IC Packaging
Siemens,Xpedition Layout Browser
Siemens,cpu 1510sp f-1 pn
Siemens,cpu 1510sp-1 pn
Siemens,cpu 1511-1 pn
Siemens,cpu 1511c-1 pn
Siemens,cpu 1511f-1 pn
Siemens,cpu 1512sp f-1 pn
Siemens,cpu 1512sp-1 pn
Siemens,cpu 1513-1 pn
Siemens,cpu 1513f-1 pn
Siemens,cpu 1515-2 pn
Siemens,cpu 1515f-2 pn
Siemens,cpu 1515sp pc
Siemens,cpu 1516-3 pn/dp
Siemens,cpu 1516f-3 pn/dp
Siemens,cpu 1516t-3 pn/dp
Siemens,cpu 1516tf-3 pn
Siemens,cpu 1517-3 pn/dp
Siemens,cpu 1517t-3 pn
Siemens,cpu 1517tf-3 pn
Siemens,cpu 1517tf-3 pn/dp
Siemens,cpu 1518-3 pn
Siemens,cpu 1518-4 pn/dp
Siemens,cpu 1518f-4 pn/dp mfp
Siemens,cpu 1518tf-4 pn/dp
Siemens,cpu 1518tf-4 pn/dp gfnv_en1_plv1_plc10600-01_x2
Siemens,cpu 1518tf-4 pn/dp gfnv_en1_plv1_plc11000-01_x2
Siemens,cpu 1518tf-4 pn/dp gfnv_en1_plv1_plc11200-01_x2
Siemens,cpu 1518tf-4 pn/dp gfnv_en1_plv1_plc11800-01_x2
Siemens,cpu 1518tf-4 pn/dp gfnv_en1_plv1_plc30400-01_x2
Siemens,cpu 1518tf-4 pn/dp gfnv_en1_plv1_plc30400-03_x2
Siemens,cpu 1518tf-4 pn/dp gfsh_bmp3_tla1_plc08_x2
Siemens,cpu 1518tf-4 pn/dp gfsh_ps1_tla1_plc02_x2
Siemens,cpu 1518tf-4 pn/dp gfsh_ps1_tla1_plc04_x2
Siemens,cpu 1518tf-4 pn/dp gfsh_ps1_tla1_plc05_x2
Siemens,cpu1510 sp-1 pn
Siemens,cpu1511-1 pn
Siemens,eaSie Core Package
Siemens,eaSie PCS 7 Skill Package
Siemens,gWAP
Siemens,jROS for Spectrum Power 7
Siemens,powermanager
Siemens,ruggedcom ape1808
Siemens,s7 1500 cpu 1510sp f-1 pn
Siemens,s7 1500 cpu 1510sp-1 pn
Siemens,s7 1500 cpu 1511-1 pn
Siemens,s7 1500 cpu 1511f-1 pn
Siemens,s7 1500 cpu 1512sp f-1 pn
Siemens,s7 1500 cpu 1513f-1 pn
Siemens,s7 1500 cpu 1516-3 pn/dp
Siemens,s7 1500 cpu 1517tf-3 pn/dp
Siemens,s7 1500 cpu 1518-3 pn
Siemens,s7 1500 cpu 1518tf-4pn/dp
Siemens,siemens license server
Siemens,siemens s7-1500 - cpu 1512sp f-1 pn
Siemens,simatic s7 cpu 1512sp-1 pn
Siemens,simatic s7-1500 cpu 1507d tf
Siemens,simatic s7-1500 cpu 1512sp f-1 pn
Siemens,simatic s7-1500 cpu 1513f-1 pn
Siemens,simatic s7-1500 cpu 1513pro f-2 pn
Siemens,simatic s7-1500 cpu 1515-2 pn
Siemens,simatic s7-1500 cpu 1515f-2 pn
Siemens,simatic s7-1500 cpu 1516f-3 pn/dp
Siemens,simatic s7-1500 cpu 1516t-3 pn/dp
Siemens,simatic s7-1500 cpu 1517tf-3 pn/dp
Siemens,simatic s7-1500 cpu 1518-4 pn/dp mfp
Siemens,simatic s7-1500 cpu 1518f-4 pn/dp odk
Siemens,simatic s7-1500 cpu 1518t-4 pn/dp
Siemens,simatic s7-1500 cpu 1518tf-4 pn/dp
Siemens,syngo Dynamics
Siemens,syngo fastView
Siemens,viscotecplc1
Silex,AMC Manager
Simon Tatham,PuTTY
SimpleHelp Ltd,Remote Access
SimpleHelp Ltd,SimpleHelp
Sitecore,CMS
Sitecore,Experience Commerce
Sitecore,Experience Manager
Sitecore,Experience Platform
Sitecore,Managed Cloud
SmarterTools,SmarterMail
SmarterTools,smartermail
Snap One,OvrC Pro
SoftEther,SoftEther VPN Client
Softing,Softing OPC Classic Toolkit
Softneta,MedDream PACS
Software Toolbox,TOP Server
SolarView Technologies,contec
SolarWinds,Orion Network Performance Monitor
SolarWinds,Serv-U
SolarWinds,SolarWinds Platform
SolarWinds,Web Help Desk
Soliton Systems K.K.,FileZen
Sonicwall,NSV270
Sonicwall,NSV470
Sonicwall,NSV870
Sonicwall,NSv 270
Sonicwall,NSv 470
Sonicwall,NSv 870
Sonicwall,SMA 1000
Sonicwall,SMA1000
Sophos,Firewall
Sophos,Web Appliance
Sophos,XG Firewall
Spreadsheet,Spreadsheet-ParseExcel
Spring Source,Spring Framework
Sunbird,DCIM dcTrack
Sunbird,Power IQ
Sunhillo,SureLine
Symantec,symantec endpoint protection
Synacor,Collaboration
Synacor,Zimbra
Synacor,Zimbra Collaboration
Synacor,Zimbra Collaboration Suite
Synology,BeeDrive
Synology,C2
Synology,Mail Station
Synology,Router Manager
Synology,Storage Manager
Synology,Synology Active Backup
Synology,Synology Assistant
SysAid Technologies,SysAid Agent
SysAid Technologies,SysAid Server
TEL-STER,TelWin SCADA WebInterface
TeamT5,ThreatSonar Anti-Ransomware
TeamViewer,TeamViewer
TeamViewer,TeamViewer Full Client
TeamViewer,TeamViewer Host
The Git Development Community,Git
The PHP Group,PHP
The PHP Group,PHPMailer
The VirtualGL Project,TurboVNC
Thingworx,Thingworx Industrial Connectivity
Thingworx,Thingworx Kepware Server
Tibbo Technology,AggreGate Network Manager
Transware,Active! mail
Trend Micro,Apex One
Trend Micro,Worry-Free
Triangle MicroWorks,SCADA Data Gateway
Trimble,Cityworks
TrueConf,TrueConf
Trumpf Laser +,Oseon
Trumpf Laser +,TruTops Boost
Trumpf Laser +,TruTops Cell
Trumpf Laser +,TruTops Classic
Trumpf Laser +,TruTops Fab
Trumpf Laser +,TruTops Mark
Trumpf Laser Marking AG,Oseon
Trumpf Laser Marking AG,TruTops Boost
Trumpf Laser Marking AG,TruTops Cell
Trumpf Laser Marking AG,TruTops Classic
Trumpf Laser Marking AG,TruTops Fab
Trumpf Laser Marking AG,TruTops Mark
Trumpf Laser Marking,Oseon
Trumpf Laser Marking,TruTops Boost
Trumpf Laser Marking,TruTops Cell
Trumpf Laser Marking,TruTops Classic
Trumpf Laser Marking,TruTops Fab
Trumpf Laser Marking,TruTops Mark
Twilio,Authy Android
Twilio,Authy iOS
Tyco,ICU - iSTAR Configuration Utility
UNIX,udhcp
Ubia,Ubox
Ubuntu,Kernel 24.04.4
Ubuntu,bash
Ubuntu,libphp-phpmailer
Ubuntu,ruby-actionview
Ubuntu,sudo
Ubuntu,telnetd
Unify,OpenScape Contact Center Enterprise
VMWare,Access Connector
VMWare,Aria Operations
VMWare,Avi Load Balancer
VMWare,Cloud Foundation
VMWare,Cloud Foundationcust
VMWare,ESXI
VMWare,Identity Manager
VMWare,Identity Manager Connector
VMWare,SD-WAN
VMWare,Spring Framework
VMWare,Telco Cloud
VMWare,Telco Cloud Infrastructure
VMWare,Telco Cloud Platform
VMWare,VMWare Enhanced Authentication Plug-in
VMWare,VMWare Tools
VMWare,VMWare vSphere ESXi
VMWare,VMware Cloud Foundation
VMWare,VMware Cloud Foundation (ESXi)
VMWare,VMware Cloud Foundation (vCenter)
VMWare,VMware ESXi
VMWare,VMware Fusion
VMWare,VMware Telco Cloud Infrastructure
VMWare,VMware Telco Cloud Infrastructure (ESXi)
VMWare,VMware Telco Cloud Infrastructure (vCenter)
VMWare,VMware Telco Cloud Platform
VMWare,VMware Telco Cloud Platform (ESXi)
VMWare,VMware Telco Cloud Platform (vCenter)
VMWare,VMware Tools
VMWare,VMware Workstation
VMWare,VMware vCenter Server
VMWare,VMware vSphere Foundation
VMWare,Vmware Workstation
VMWare,Workspace ONE UEM
VMWare,Workspace One Access
VMWare,cloud foundation
VMWare,identity manager
VMWare,vCenter Server
VMWare,vSphere Foundation
VMWare,vrealize automation
VMWare,vrealize suite lifecycle manager
VMware,Access Connector
VMware,Aria Operations
VMware,Avi Load Balancer
VMware,Cloud Foundation
VMware,Cloud Foundationcust
VMware,ESXI
VMware,Identity Manager
VMware,Identity Manager Connector
VMware,SD-WAN
VMware,Spring Framework
VMware,Telco Cloud
VMware,Telco Cloud Infrastructure
VMware,Telco Cloud Platform
VMware,VMWare Enhanced Authentication Plug-in
VMware,VMWare Tools
VMware,VMWare vSphere ESXi
VMware,VMware Cloud Foundation
VMware,VMware Cloud Foundation (ESXi)
VMware,VMware Cloud Foundation (vCenter)
VMware,VMware ESXi
VMware,VMware Fusion
VMware,VMware Telco Cloud Infrastructure
VMware,VMware Telco Cloud Infrastructure (ESXi)
VMware,VMware Telco Cloud Infrastructure (vCenter)
VMware,VMware Telco Cloud Platform
VMware,VMware Telco Cloud Platform (ESXi)
VMware,VMware Telco Cloud Platform (vCenter)
VMware,VMware Tools
VMware,VMware Workstation
VMware,VMware vCenter Server
VMware,VMware vSphere Foundation
VMware,Vmware Workstation
VMware,Workspace ONE UEM
VMware,Workspace One Access
VMware,cloud foundation
VMware,identity manager
VMware,vCenter Server
VMware,vSphere Foundation
VMware,vrealize automation
VMware,vrealize suite lifecycle manager
Valmet,DNA Engineering Web Tools
Varian Medical Systems,SmartConnect
Veeam Software,Backup & Replication
Veeam Software,Veeam Agent for Microsoft Windows
Veeam Software,Veeam Backup & Replication
Veeam Software,veeam
Vercel,Next.js
Versa Networks,Concerto SD-WAN
Versa Networks,Versa Director
Vertikal Systems,Hospital Manager Backend Services
Vertiv,Environet
Verve Industrial Protection,Asset Manager
Verve Industrial Protection,Verve
Verve Industrial Protection,Verve Asset Manager
Voltronic Power Technology,ViewPower Pro
Voltronic Power Technology,Viewpower
Voltronic Power Technology,Viewpower Pro
WAGO,Device Sphere
WAGO,Solution Builder
WAGO,Visualization And Control Hub
WAGO,WAGO Navigator
WAGO,WAGO Software Device Sphere
WAGO,WAGO Software Solution Builder
WAGO,Wago Device Sphere
WAGO,e!COCKPIT
WIBU-SYSTEMS AG,CodeMeter
WIBU-SYSTEMS AG,WibuKey
Washington University,wu-ftpd
WatchGuard Technologies,Fireware OS
Wazuh,Wazuh
Webmin,Webmin
Weintek,EasyBuilder Pro
Weintek,Weincloud
Welch Allyn,Configuration Tool
Welch Allyn,Connex Health Portal
WellinTech,KingHistorian
WhatsApp,whatsapp for mac
Wing FTP Server,Wing FTP Server
Wireshark,Wireshark
XWiki,XWiki
Xiamen Milesight IoT,DeviceHub
Xinje,Xinje PLC Program Tool
Yokogawa,Centum CS
Yokogawa,Collaborative Information Server
Yokogawa,Dual-redundant Platform
Yokogawa,Exaopc
Yokogawa,FAST/TOOLS
Yokogawa,PC2CKM
Yokogawa,WTViewerE 761941
Yokogawa,WTViewerEfree
Yokogawa,YOKOGAWA CENTUM VP
Yokogawa,YOKOGAWA ProSafe-RS
Yokogawa,Yokogawa CENTUM VP
Yokogawa,Yokogawa Centum VP
Yokogawa,widefield3
ZKTeco,BioAccess IVS
ZKTeco,BioTime
ZOLL,ePCR IOS Mobile Application
Zebra Technologies,Zebra Printer Profile Manager Enterprise
Zeek,ICSNPP
Zimbra,Collaboration
Zimbra,Collaboration Suite
Zimbra,Synacor Zimbra Collaboration
Zimbra,Zimbra
Zimbra,Zimbra Collaboration
Zimbra,Zimbra Collaboration Suite
Zlib,Zlib
Zoho Corp,ManageEngine Desktop Central
Zoho Corp,ManageEngine ServiceDesk Plus MSP
axios,axios
cPanel,cpanel
cPanel,cpanel-dnsonly
cPanel,whm
cPanel,wp2
cPanel,wp_squared
cPanel,wpsquared
ec2,BioDose
flowiseai,flowise
freetype.org,FreeType
iniNet Solutions,SpiderControl SCADA PC HMI Editor
iniNet Solutions,SpiderControl SCADA Web Server
mySCADA,myPRO
mySCADA,myPRO Manager
mySCADA,myPRO Runtime
ownCloud,graphapi
uvnc bvba,UltraVnc