program,vendor,version,in_CTD
7-Zip 25.00 (x64),Igor Pavlov,25.00,yes
Adobe Acrobat (64-bit),Adobe,26.001.21563,yes
Adobe Refresh Manager,Adobe,1.8.0,no
AMD Software,Advanced Micro Devices,23.19.23.03,no
Application Verifier x64 External Package,Microsoft,10.1.19041.685,no
ARC125 for Uniden (U)BC125XLT,BuTel Software,0.08.0038,no
AXIS Device Manager 5.30,Axis Communications AB,5.30.125,yes
BC75XLT_SS,Uniden,1.1.0,no
BCDx36HP Sentinel,Uniden,2.05.03,no
Bonjour Browser,,,no
Brave,Brave Software,148.1.90.122,no
Camera Configuration Tool,Motorola,2.14.0.0,no
Cisco Packet Tracer 8.2.2 64Bit,Cisco,8.2.2.400,yes
Cisco Webex Meetings,Cisco,44.7.0,yes
Copilot,Microsoft,148.0.3967.54,no
DirectSOFT 6 - Programming,Host Engineering,6.00.700,no
Do-more Designer 2.11,Host Engineering,2.11.002,no
Epson Connect Printer Setup,Seiko Epson,1.4.11,no
EPSON ET-2800 Series Printer Uninstall,Seiko Epson,,no
Epson ET-2800 Series User’s Guide,Epson America,1.0,no
Epson Event Manager,Seiko Epson,3.11.82,no
EpsonNet Print,Seiko Epson,3.3.1.0,no
Epson Photo+,Seiko Epson,4.0.2.0,no
Epson Printer Connection Checker,Seiko Epson,3.4.3.0,no
Epson Printer Driver Security Support Tool,Seiko Epson,1.0.1.0,no
Epson Scan 2,Seiko Epson,,no
EPSON Scan OCR Component,Seiko Epson,3.00.06,no
EPSON Scan PDF Extensions,Seiko Epson,1.03.02.02,no
Epson ScanSmart,Seiko Epson,3.7.17,no
Epson Software Updater,Seiko Epson,5.0.2,no
Evernote 10.95.4 (All Users),Evernote,10.95.4,no
Evernote 11.16.3,Bending Spoons US,11.16.3,no
Factory I/O,Real Games,2.5.8,no
FastStone Image Viewer 8.1,FastStone,8.1,no
Foxit PDF Reader,Foxit Software,2025.2.0.33046,no
Google Chrome,Google,148.0.7778.168,yes
G_Series_PPS_V00-03-16-29F,Unication,0.3.16.29,no
HashCheck Shell Extension,,2.4.0.55,no
HP Connection Optimizer,Hewlett Packard,2.0.20.0,no
HP Documentation,Hewlett Packard,1.0.0.1,no
HP Insights,Hewlett Packard,5.26.49,no
HP Notifications,Hewlett Packard,1.1.31.56,no
HP PC Hardware Diagnostics UEFI,Hewlett Packard,10.6.0.0,no
HP Presence Video,Hewlett Packard,3.242.140.21701,no
HP Security Update Service,Hewlett Packard,4.4.30.1453,no
HP Sure Recover,Hewlett Packard,10.1.30.280,no
HP Sure Run Module,Hewlett Packard,5.0.5.105,no
HP System Default Settings,Hewlett Packard,1.5.15.1,no
HP Wolf Security - Console,Hewlett Packard,11.1.7.1163,no
ICS,Hewlett Packard,3.1.18.25,no
Java 8 Update 471 (64-bit),Oracle,8.0.4710.9,no
Java Auto Updater,Oracle,2.8.471.9,no
Johnson Controls - Launcher 2.0,Johnson Controls,2.0.0.157,no
Kits Configuration Installer,Microsoft,10.1.19041.685,no
Lantronix DeviceInstaller 4.4.0.7 (x64),Lantronix,44.00.7500,no
Logi Download Assistant,Logitech,2.0.529,no
Logi Options+,Logitech,2.3.879545,no
Logi Plugin Service,Logitech,6.3.0.2406,no
Logitech Presentation,Logitech,2.10.34,no
Microsoft 365 Apps for enterprise - en-us,Microsoft,16.0.19929.20172,yes
Microsoft 365 - en-us,Microsoft,16.0.19929.20172,yes
Microsoft Edge,Microsoft,148.0.3967.70,yes
Microsoft Edge WebView2 Runtime,Microsoft,148.0.3967.70,yes
Microsoft Intune Management Extension,Microsoft,1.101.109.0,no
Microsoft .NET Framework 4 Multi-Targeting Pack,Microsoft,4.0.30319,yes
Microsoft OneDrive,Microsoft,26.074.0420.0001,no
Microsoft OneNote - en-us,Microsoft,16.0.19929.20172,no
Microsoft Teams Meeting Add-in for Microsoft Office,Microsoft,1.26.08901,no
Microsoft Update Health Tools,Microsoft,5.72.0.0,no
Microsoft Visio Viewer 2016,Microsoft,16.0.4339.1001,no
Microsoft Visual C++ 2008 Redistributable - x86 9.0.30729.17,Microsoft,9.0.30729,no
Microsoft Visual C++ 2008 Redistributable - x86 9.0.30729.6161,Microsoft,9.0.30729.6161,no
Microsoft Visual C++ 2010  x64 Redistributable - 10.0.40219,Microsoft,10.0.40219,no
Microsoft Visual C++ 2010  x86 Redistributable - 10.0.40219,Microsoft,10.0.40219,no
Microsoft Visual C++ 2013 Redistributable (x86) - 12.0.21005,Microsoft,12.0.21005.1,no
Microsoft Visual C++ 2013 x86 Additional Runtime - 12.0.21005,Microsoft,12.0.21005,no
Microsoft Visual C++ 2013 x86 Minimum Runtime - 12.0.21005,Microsoft,12.0.21005,no
Microsoft Visual C++ 2015-2022 Redistributable (x64) - 14.44.35211,Microsoft,14.44.35211.0,no
Microsoft Visual C++ 2015-2022 Redistributable (x86) - 14.44.35211,Microsoft,14.44.35211.0,no
Microsoft Visual C++ 2019 X64 Debug Runtime - 14.29.30157,Microsoft,14.29.30157,no
Microsoft Visual C++ 2019 X86 Debug Runtime - 14.29.30157,Microsoft,14.29.30157,no
Microsoft Visual C++ 2022 X64 Additional Runtime - 14.44.35211,Microsoft,14.44.35211,no
Microsoft Visual C++ 2022 X64 Minimum Runtime - 14.44.35211,Microsoft,14.44.35211,no
Microsoft Visual C++ 2022 X86 Additional Runtime - 14.44.35211,Microsoft,14.44.35211,no
Microsoft Visual C++ 2022 X86 Minimum Runtime - 14.44.35211,Microsoft,14.44.35211,no
Microsoft Visual Studio Code (User),Microsoft,1.119.1,no
Microsoft Visual Studio Installer,Microsoft,3.12.2149.20818,no
Microsoft Visual Studio Setup Configuration,Microsoft,3.7.2182.35401,no
Microsoft Visual Studio Setup WMI Provider,Microsoft,3.7.2182.35401,no
Mozilla Firefox (x64 en-US),Mozilla,150.0.3,yes
Mozilla Maintenance Service,Mozilla,127.0.2,no
MSI Development Tools,Microsoft,10.1.19041.685,no
Nmap 7.95,Nmap Project,7.95,no
Node.js,Node.js,22.11.0,no
Notepad++ (64-bit x64),Notepad++ Team,8.9.1,yes
Npcap,Nmap Project,1.79,no
Office 16 Click-to-Run Extensibility Component,Microsoft,16.0.19929.20172,no
OPC Core Components Redistributable (x64) 105.0,OPC,3.00.10501,no
Oracle VirtualBox 7.1.4,Oracle And/Or ITS Affiliates,7.1.4,no
Poly Lens Control Service,Hewlett Packard,1.11.793,no
Poly Lens Desktop,Hewlett Packard,2.2.0.3547,no
Postman x86_64 11.34.5,Postman,11.34.5,no
PyCharm 2025.1.1,JetBrains,251.25410.122,no
Python 3.12.6 (64-bit),Python Software,3.12.6150.0,no
Python 3.12.6 Add to Path (64-bit),Python Software,3.12.6150.0,no
Python 3.12.6 Core Interpreter (64-bit),Python Software,3.12.6150.0,no
Python 3.12.6 Development Libraries (64-bit),Python Software,3.12.6150.0,no
Python 3.12.6 Documentation (64-bit),Python Software,3.12.6150.0,no
Python 3.12.6 Executables (64-bit),Python Software,3.12.6150.0,no
Python 3.12.6 pip Bootstrap (64-bit),Python Software,3.12.6150.0,no
Python 3.12.6 Standard Library (64-bit),Python Software,3.12.6150.0,no
Python 3.12.6 Tcl/Tk Support (64-bit),Python Software,3.12.6150.0,no
Python 3.12.6 Test Suite (64-bit),Python Software,3.12.6150.0,no
Python 3.13.3 (64-bit),Python Software,3.13.3150.0,no
Python 3.13.3 Add to Path (64-bit),Python Software,3.13.3150.0,no
Python 3.13.3 Core Interpreter (64-bit),Python Software,3.13.3150.0,no
Python 3.13.3 Development Libraries (64-bit),Python Software,3.13.3150.0,no
Python 3.13.3 Documentation (64-bit),Python Software,3.13.3150.0,no
Python 3.13.3 Executables (64-bit),Python Software,3.13.3150.0,no
Python 3.13.3 pip Bootstrap (64-bit),Python Software,3.13.3150.0,no
Python 3.13.3 Standard Library (64-bit),Python Software,3.13.3150.0,no
Python 3.13.3 Tcl/Tk Support (64-bit),Python Software,3.13.3150.0,no
Python 3.13.3 Test Suite (64-bit),Python Software,3.13.3150.0,no
Python Launcher,Python Software,3.13.3150.0,no
SDK ARM Additions,Microsoft,10.1.19041.685,no
SDK ARM Redistributables,Microsoft,10.1.19041.685,no
Smart Card Browser Extension,CardID.org,0.4.2,no
Tracer TU 11.10,Trane,11.10.264,no
UltraVNC,Uvnc Bvba,1.6.4.0,yes
Universal CRT Extension SDK,Microsoft,10.1.19041.685,no
Universal CRT Headers Libraries and Sources,Microsoft,10.1.19041.685,no
Universal CRT Redistributable,Microsoft,10.1.19041.685,no
Universal CRT Redistributable,Microsoft,10.0.26624,no
Universal CRT Tools x64,Microsoft,10.1.19041.685,no
Universal CRT Tools x86,Microsoft,10.1.19041.685,no
Universal General MIDI DLS Extension SDK,Microsoft,10.1.19041.685,no
Update for  (KB2504637),Microsoft,1,no
vcpp_crt.redist.clickonce,Microsoft,14.29.30157,no
Visual Studio Build Tools 2019,Microsoft,16.11.42,no
VLC media player,VideoLAN,3.0.21,no
VMware Workstation,VMware,25.0.1,yes
vs_communitymsi,Microsoft,16.11.34930,no
vs_communitymsires,Microsoft,16.10.31213,no
vs_filehandler_amd64,Microsoft,16.11.31503,no
vs_filehandler_x86,Microsoft,16.11.31503,no
vs_FileTracker_Singleton,Microsoft,16.11.34827,no
vs_minshellinteropmsi,Microsoft,16.10.31306,no
vs_minshellmsi,Microsoft,16.11.34902,no
vs_minshellmsires,Microsoft,16.10.31303,no
VS Script Debugging Common,Microsoft,16.0.102.0,no
Webex,Cisco,44.7.0.30141,yes
WinAppDeploy,Microsoft,10.1.19041.685,no
Windows App Certification Kit Native Components,Microsoft,10.1.19041.685,no
Windows App Certification Kit SupportedApiList x86,Microsoft,10.1.19041.685,no
Windows App Certification Kit x64,Microsoft,10.1.19041.685,no
Windows Desktop Extension SDK,Microsoft,10.1.19041.685,no
Windows Desktop Extension SDK Contracts,Microsoft,10.1.19041.685,no
Windows Driver Package - Silicon Laboratories (silabenm) Ports  (12/10/2012 6.6.1.0),Silicon Laboratories,12/10/2012 6.6.1.0,no
Windows Driver Package - STMicroelectronics (usbser) Ports  (04/25/2010 1.3.1),STMicroelectronics,04/25/2010 1.3.1,no
Windows IoT Extension SDK,Microsoft,10.1.19041.685,no
Windows IoT Extension SDK Contracts,Microsoft,10.1.19041.685,no
Windows Mobile Extension SDK,Microsoft,10.1.19041.685,no
Windows Mobile Extension SDK Contracts,Microsoft,10.1.19041.685,no
Windows SDK,Microsoft,10.1.19041.685,no
Windows SDK AddOn,Microsoft,10.1.0.0,no
Windows SDK ARM Desktop Tools,Microsoft,10.1.19041.685,no
Windows SDK Desktop Headers arm,Microsoft,10.1.19041.685,no
Windows SDK Desktop Headers arm64,Microsoft,10.1.19041.685,no
Windows SDK Desktop Headers x64,Microsoft,10.1.19041.685,no
Windows SDK Desktop Headers x86,Microsoft,10.1.19041.685,no
Windows SDK Desktop Libs arm,Microsoft,10.1.19041.685,no
Windows SDK Desktop Libs arm64,Microsoft,10.1.19041.685,no
Windows SDK Desktop Libs x64,Microsoft,10.1.19041.685,no
Windows SDK Desktop Libs x86,Microsoft,10.1.19041.685,no
Windows SDK Desktop Tools arm64,Microsoft,10.1.19041.685,no
Windows SDK Desktop Tools x64,Microsoft,10.1.19041.685,no
Windows SDK Desktop Tools x86,Microsoft,10.1.19041.685,no
Windows SDK DirectX x64 Remote,Microsoft,10.1.19041.685,no
Windows SDK DirectX x86 Remote,Microsoft,10.1.19041.685,no
Windows SDK EULA,Microsoft,10.1.19041.685,no
Windows SDK Facade Windows WinMD Versioned,Microsoft,10.1.19041.685,no
Windows SDK for Windows Store Apps,Microsoft,10.1.19041.685,no
Windows SDK for Windows Store Apps Contracts,Microsoft,10.1.19041.685,no
Windows SDK for Windows Store Apps DirectX x86 Remote,Microsoft,10.1.19041.685,no
Windows SDK for Windows Store Apps Headers,Microsoft,10.1.19041.685,no
Windows SDK for Windows Store Apps Libs,Microsoft,10.1.19041.685,no
Windows SDK for Windows Store Apps Metadata,Microsoft,10.1.19041.685,no
Windows SDK for Windows Store Apps Tools,Microsoft,10.1.19041.685,no
Windows SDK for Windows Store Managed Apps Libs,Microsoft,10.1.19041.685,no
Windows SDK Modern Non-Versioned Developer Tools,Microsoft,10.1.19041.685,no
Windows SDK Modern Versioned Developer Tools,Microsoft,10.1.19041.685,no
Windows SDK Redistributables,Microsoft,10.1.19041.685,no
Windows SDK Signing Tools,Microsoft,10.1.19041.685,no
Windows Software Development Kit - Windows 10.0.19041.685,Microsoft,10.1.19041.685,no
Windows Subsystem for Linux,Microsoft,2.3.26.0,no
Windows Team Extension SDK,Microsoft,10.1.19041.685,no
Windows Team Extension SDK Contracts,Microsoft,10.1.19041.685,no
WinRT Intellisense Desktop - en-us,Microsoft,10.1.19041.685,no
WinRT Intellisense Desktop - Other Languages,Microsoft,10.1.19041.685,no
WinRT Intellisense IoT - en-us,Microsoft,10.1.19041.685,no
WinRT Intellisense IoT - Other Languages,Microsoft,10.1.19041.685,no
WinRT Intellisense Mobile - en-us,Microsoft,10.1.19041.685,no
WinRT Intellisense PPI - en-us,Microsoft,10.1.19041.685,no
WinRT Intellisense PPI - Other Languages,Microsoft,10.1.19041.685,no
WinRT Intellisense UAP - en-us,Microsoft,10.1.19041.685,no
WinRT Intellisense UAP - Other Languages,Microsoft,10.1.19041.685,no
WinSCP 6.5.5,Martin Prikryl,6.5.5,no
Wireshark 4.4.8 x64,Wireshark Developer Community Https://Www.Wireshark.Org,4.4.8,no
wkhtmltox 0.12.6-1,,,no
Yabe version 1.3.2,Yabe Authors,1.3.2,no
Zoom Workplace,Zoom Communications,6.7.8 (32670),no
