CVE ID,Confirmed Asset Count
CVE-2010-5305,1
CVE-2012-6435,2
CVE-2012-6436,2
CVE-2012-6437,2
CVE-2012-6438,1
CVE-2012-6439,2
CVE-2012-6440,2
CVE-2012-6441,1
CVE-2012-6442,2
CVE-2015-6486,1
CVE-2015-6488,1
CVE-2015-6490,1
CVE-2015-6491,1
CVE-2015-6492,1
CVE-2016-0868,1
CVE-2016-20009,1
CVE-2016-2279,1
CVE-2016-9343,1
CVE-2017-12088,1
CVE-2017-12089,1
CVE-2017-12092,1
CVE-2017-12093,1
CVE-2017-14462,1
CVE-2017-14463,1
CVE-2017-14464,1
CVE-2017-14465,1
CVE-2017-14466,1
CVE-2017-14467,1
CVE-2017-14468,1
CVE-2017-14470,1
CVE-2017-14471,1
CVE-2017-14472,1
CVE-2017-14473,1
CVE-2017-3881,2
CVE-2017-6736,3
CVE-2017-6737,2
CVE-2017-6738,2
CVE-2017-6743,2
CVE-2017-6744,2
CVE-2017-7898,1
CVE-2017-7899,1
CVE-2017-7901,1
CVE-2017-7902,1
CVE-2017-7903,1
CVE-2017-7924,1
CVE-2018-0171,1
CVE-2018-17924,1
CVE-2019-10955,1
CVE-2019-12255,2
CVE-2019-12256,1
CVE-2019-12257,1
CVE-2019-12258,1
CVE-2019-12261,1
CVE-2019-12262,1
CVE-2019-12263,1
CVE-2019-12264,1
CVE-2019-12265,1
CVE-2019-1746,1
CVE-2019-5096,1
CVE-2019-5097,1
CVE-2020-6083,1
CVE-2020-6084,1
CVE-2020-6085,1
CVE-2020-6086,1
CVE-2020-6087,1
CVE-2020-6088,1
CVE-2020-6980,1
CVE-2020-6984,1
CVE-2020-6988,1
CVE-2020-6990,1
CVE-2020-6998,1
CVE-2021-22681,2
CVE-2021-33012,1
CVE-2022-1161,1
CVE-2022-1797,1
CVE-2022-3157,1
CVE-2023-20132,1
CVE-2023-20134,1
CVE-2023-2262,1
CVE-2023-3595,1
CVE-2024-21916,1
CVE-2024-27198,1
CVE-2024-6242,1
CVE-2025-20160,3
CVE-2025-20225,4
CVE-2025-20236,1
CVE-2025-20239,4
CVE-2025-20253,4
CVE-2025-20311,1
CVE-2025-20352,9
CVE-2025-20363,1
CVE-2025-30023,1
CVE-2025-30024,1
CVE-2025-30025,1
CVE-2025-7353,1
CVE-2026-10000,1
CVE-2026-10001,1
CVE-2026-10002,1
CVE-2026-10003,1
CVE-2026-10005,1
CVE-2026-10006,1
CVE-2026-10007,1
CVE-2026-10009,1
CVE-2026-10012,1
CVE-2026-10013,1
CVE-2026-10015,1
CVE-2026-10016,1
CVE-2026-10017,1
CVE-2026-10019,1
CVE-2026-10020,1
CVE-2026-10021,1
CVE-2026-10022,1
CVE-2026-10881,1
CVE-2026-10882,1
CVE-2026-10883,1
CVE-2026-10884,1
CVE-2026-10885,1
CVE-2026-10886,1
CVE-2026-10887,1
CVE-2026-10888,1
CVE-2026-10889,1
CVE-2026-10890,1
CVE-2026-10891,1
CVE-2026-10892,1
CVE-2026-10893,1
CVE-2026-10894,1
CVE-2026-10895,1
CVE-2026-10896,1
CVE-2026-10897,1
CVE-2026-10898,1
CVE-2026-10899,1
CVE-2026-10900,1
CVE-2026-10901,1
CVE-2026-10902,1
CVE-2026-10903,1
CVE-2026-10904,1
CVE-2026-10905,1
CVE-2026-10906,1
CVE-2026-10907,1
CVE-2026-10908,1
CVE-2026-10909,1
CVE-2026-10910,1
CVE-2026-10911,1
CVE-2026-10913,1
CVE-2026-10914,1
CVE-2026-10915,1
CVE-2026-10917,1
CVE-2026-10918,1
CVE-2026-10919,1
CVE-2026-10920,1
CVE-2026-10921,1
CVE-2026-10922,1
CVE-2026-10923,1
CVE-2026-10924,1
CVE-2026-10925,1
CVE-2026-10926,1
CVE-2026-10927,1
CVE-2026-10928,1
CVE-2026-10929,1
CVE-2026-10930,1
CVE-2026-10931,1
CVE-2026-10932,1
CVE-2026-10933,1
CVE-2026-10934,1
CVE-2026-10935,1
CVE-2026-10936,1
CVE-2026-10939,1
CVE-2026-10940,1
CVE-2026-10941,1
CVE-2026-10942,1
CVE-2026-10943,1
CVE-2026-10945,1
CVE-2026-10946,1
CVE-2026-10947,1
CVE-2026-10948,1
CVE-2026-10949,1
CVE-2026-10951,1
CVE-2026-10952,1
CVE-2026-10953,1
CVE-2026-10954,1
CVE-2026-10955,1
CVE-2026-10956,1
CVE-2026-10957,1
CVE-2026-10958,1
CVE-2026-10959,1
CVE-2026-10960,1
CVE-2026-10961,1
CVE-2026-10962,1
CVE-2026-10963,1
CVE-2026-10964,1
CVE-2026-10965,1
CVE-2026-10966,1
CVE-2026-10967,1
CVE-2026-10969,1
CVE-2026-10970,1
CVE-2026-10971,1
CVE-2026-10972,1
CVE-2026-10974,1
CVE-2026-10975,1
CVE-2026-10978,1
CVE-2026-10982,1
CVE-2026-10983,1
CVE-2026-10986,1
CVE-2026-10987,1
CVE-2026-10988,1
CVE-2026-10989,1
CVE-2026-10990,1
CVE-2026-10991,1
CVE-2026-10995,1
CVE-2026-11000,1
CVE-2026-11002,1
CVE-2026-11003,1
CVE-2026-11009,1
CVE-2026-11010,1
CVE-2026-11011,1
CVE-2026-11012,1
CVE-2026-11015,1
CVE-2026-11021,1
CVE-2026-11024,1
CVE-2026-11028,1
CVE-2026-11030,1
CVE-2026-11037,1
CVE-2026-11040,1
CVE-2026-11041,1
CVE-2026-11042,1
CVE-2026-11043,1
CVE-2026-11046,1
CVE-2026-11047,1
CVE-2026-11049,1
CVE-2026-11050,1
CVE-2026-11052,1
CVE-2026-11054,1
CVE-2026-11055,1
CVE-2026-11056,1
CVE-2026-11058,1
CVE-2026-11059,1
CVE-2026-11060,1
CVE-2026-11061,1
CVE-2026-11063,1
CVE-2026-11065,1
CVE-2026-11066,1
CVE-2026-11068,1
CVE-2026-11070,1
CVE-2026-11071,1
CVE-2026-11072,1
CVE-2026-11074,1
CVE-2026-11076,1
CVE-2026-11077,1
CVE-2026-11079,1
CVE-2026-11080,1
CVE-2026-11082,1
CVE-2026-11085,1
CVE-2026-11086,1
CVE-2026-11088,1
CVE-2026-11091,1
CVE-2026-11092,1
CVE-2026-11094,1
CVE-2026-11095,1
CVE-2026-11100,1
CVE-2026-11102,1
CVE-2026-11103,1
CVE-2026-11108,1
CVE-2026-11111,1
CVE-2026-11112,1
CVE-2026-11113,1
CVE-2026-11114,1
CVE-2026-11116,1
CVE-2026-11117,1
CVE-2026-11118,1
CVE-2026-11119,1
CVE-2026-11120,1
CVE-2026-11124,1
CVE-2026-11125,1
CVE-2026-11130,1
CVE-2026-11131,1
CVE-2026-11136,1
CVE-2026-11144,1
CVE-2026-11146,1
CVE-2026-11147,1
CVE-2026-11149,1
CVE-2026-11151,1
CVE-2026-11152,1
CVE-2026-11153,1
CVE-2026-11154,1
CVE-2026-11158,1
CVE-2026-11163,1
CVE-2026-11164,1
CVE-2026-11165,1
CVE-2026-11167,1
CVE-2026-11169,1
CVE-2026-11170,1
CVE-2026-11171,1
CVE-2026-11172,1
CVE-2026-11173,1
CVE-2026-11175,1
CVE-2026-11177,1
CVE-2026-11179,1
CVE-2026-11185,1
CVE-2026-11188,1
CVE-2026-11191,1
CVE-2026-11198,1
CVE-2026-11201,1
CVE-2026-11202,1
CVE-2026-11207,1
CVE-2026-11211,1
CVE-2026-11213,1
CVE-2026-11224,1
CVE-2026-11231,1
CVE-2026-11235,1
CVE-2026-11236,1
CVE-2026-11237,1
CVE-2026-11239,1
CVE-2026-11241,1
CVE-2026-11242,1
CVE-2026-11248,1
CVE-2026-11250,1
CVE-2026-11255,1
CVE-2026-11256,1
CVE-2026-11262,1
CVE-2026-11265,1
CVE-2026-11272,1
CVE-2026-11282,1
CVE-2026-11293,1
CVE-2026-11295,1
CVE-2026-11296,1
CVE-2026-11297,1
CVE-2026-11301,1
CVE-2026-11303,1
CVE-2026-11304,1
CVE-2026-11305,1
CVE-2026-11306,1
CVE-2026-11307,1
CVE-2026-11629,1
CVE-2026-11630,1
CVE-2026-11631,1
CVE-2026-11632,1
CVE-2026-11633,1
CVE-2026-11634,1
CVE-2026-11635,1
CVE-2026-11636,1
CVE-2026-11637,1
CVE-2026-11638,1
CVE-2026-11639,1
CVE-2026-11640,1
CVE-2026-11641,1
CVE-2026-11642,1
CVE-2026-11643,1
CVE-2026-11644,1
CVE-2026-11645,1
CVE-2026-11646,1
CVE-2026-11647,1
CVE-2026-11648,1
CVE-2026-11649,1
CVE-2026-11650,1
CVE-2026-11651,1
CVE-2026-11652,1
CVE-2026-11654,1
CVE-2026-11655,1
CVE-2026-11656,1
CVE-2026-11657,1
CVE-2026-11659,1
CVE-2026-11660,1
CVE-2026-11661,1
CVE-2026-11662,1
CVE-2026-11663,1
CVE-2026-11664,1
CVE-2026-11667,1
CVE-2026-11670,1
CVE-2026-11671,1
CVE-2026-11673,1
CVE-2026-11674,1
CVE-2026-11677,1
CVE-2026-11679,1
CVE-2026-11680,1
CVE-2026-11683,1
CVE-2026-11687,1
CVE-2026-11688,1
CVE-2026-11690,1
CVE-2026-11692,1
CVE-2026-11693,1
CVE-2026-11694,1
CVE-2026-11697,1
CVE-2026-11698,1
CVE-2026-11699,1
CVE-2026-11700,1
CVE-2026-33622,1
CVE-2026-44815,1
CVE-2026-45657,1
CVE-2026-47291,1
CVE-2026-9111,1
CVE-2026-9112,1
CVE-2026-9114,1
CVE-2026-9117,1
CVE-2026-9118,1
CVE-2026-9119,1
CVE-2026-9120,1
CVE-2026-9121,1
CVE-2026-9123,1
CVE-2026-9126,1
CVE-2026-9872,1
CVE-2026-9873,1
CVE-2026-9874,1
CVE-2026-9875,1
CVE-2026-9876,1
CVE-2026-9877,1
CVE-2026-9878,1
CVE-2026-9879,1
CVE-2026-9880,1
CVE-2026-9881,1
CVE-2026-9883,1
CVE-2026-9884,1
CVE-2026-9885,1
CVE-2026-9886,1
CVE-2026-9887,1
CVE-2026-9888,1
CVE-2026-9889,1
CVE-2026-9890,1
CVE-2026-9891,1
CVE-2026-9892,1
CVE-2026-9893,1
CVE-2026-9894,1
CVE-2026-9895,1
CVE-2026-9896,1
CVE-2026-9897,1
CVE-2026-9898,1
CVE-2026-9899,1
CVE-2026-9900,1
CVE-2026-9901,1
CVE-2026-9902,1
CVE-2026-9904,1
CVE-2026-9905,1
CVE-2026-9906,1
CVE-2026-9909,1
CVE-2026-9910,1
CVE-2026-9914,1
CVE-2026-9915,1
CVE-2026-9916,1
CVE-2026-9918,1
CVE-2026-9922,1
CVE-2026-9923,1
CVE-2026-9924,1
CVE-2026-9925,1
CVE-2026-9926,1
CVE-2026-9927,1
CVE-2026-9928,1
CVE-2026-9931,1
CVE-2026-9932,1
CVE-2026-9933,1
CVE-2026-9934,1
CVE-2026-9936,1
CVE-2026-9937,1
CVE-2026-9938,1
CVE-2026-9939,1
CVE-2026-9940,1
CVE-2026-9941,1
CVE-2026-9945,1
CVE-2026-9946,1
CVE-2026-9947,1
CVE-2026-9948,1
CVE-2026-9949,1
CVE-2026-9951,1
CVE-2026-9952,1
CVE-2026-9954,1
CVE-2026-9956,1
CVE-2026-9957,1
CVE-2026-9958,1
CVE-2026-9960,1
CVE-2026-9961,1
CVE-2026-9962,1
CVE-2026-9963,1
CVE-2026-9964,1
CVE-2026-9965,1
CVE-2026-9966,1
CVE-2026-9967,1
CVE-2026-9968,1
CVE-2026-9969,1
CVE-2026-9970,1
CVE-2026-9972,1
CVE-2026-9973,1
CVE-2026-9974,1
CVE-2026-9975,1
CVE-2026-9976,1
CVE-2026-9977,1
CVE-2026-9978,1
CVE-2026-9982,1
CVE-2026-9983,1
CVE-2026-9984,1
CVE-2026-9987,1
CVE-2026-9988,1
CVE-2026-9990,1
CVE-2026-9992,1
CVE-2026-9993,1
CVE-2026-9994,1
CVE-2026-9995,1
CVE-2026-9997,1
CVE-2026-9998,1
CVE-2026-9999,1
ICSA-15-225-02A,1
RA-511407-2,1
RA-58964,1
RA-65980,1
RA-65982,1
RA-66678,1
